id,parent_id,respond,Freetext,intent_name,sample_text1,sample_text2,sample_text3,sample_text4,sample_text5,sample_text6,sample_text7,sample_text8,sample_text9,sample_text10,sample_text11,sample_text12,sample_text13,sample_text14,sample_text15,sample_text16,sample_text17,sample_text18,sample_text19,sample_text20,sample_text21,sample_text22,sample_text23,sample_text24,sample_text25,sample_text26,sample_text27,sample_text28,sample_text29,sample_text30,sample_text31,sample_text32,sample_text33,sample_text34,sample_text35,sample_text36,sample_text37,sample_text38,sample_text39,sample_text40,sample_text41,sample_text42,sample_text43,sample_text44,sample_text45,sample_text46,sample_text47,sample_text48,sample_text49,sample_text50,sample_text51,sample_text52,sample_text53,sample_text54,sample_text55,sample_text56,sample_text57,sample_text58,sample_text59,sample_text60,sample_text61,sample_text62,sample_text63,sample_text64,sample_text65,sample_text66,sample_text67,sample_text68,sample_text69,sample_text70,sample_text71,sample_text72,sample_text73,sample_text74,sample_text75,sample_text76,sample_text77,sample_text78,sample_text79,sample_text80,sample_text81,sample_text82,sample_text83,sample_text84,sample_text85,sample_text86,sample_text87,sample_text88,sample_text89,sample_text90,sample_text91,sample_text92,sample_text93,sample_text94,sample_text95,sample_text96,sample_text97,sample_text98,sample_text99,sample_text100,sample_text101,sample_text102,sample_text103,sample_text104,sample_text105,sample_text106,sample_text107,sample_text108,sample_text109,sample_text110,sample_text111,sample_text112,sample_text113,sample_text114,sample_text115,sample_text116,sample_text117,sample_text118,sample_text119,sample_text120,sample_text121,sample_text122,sample_text123,sample_text124,sample_text125,sample_text126,sample_text127,sample_text128,sample_text129,sample_text130,sample_text131,sample_text132,sample_text133,sample_text134,sample_text135,sample_text136,sample_text137,sample_text138,sample_text139,sample_text140,sample_text141,sample_text142,sample_text143,sample_text144,sample_text145,sample_text146,sample_text147,sample_text148,sample_text149,sample_text150,sample_text151,sample_text152,sample_text153,sample_text154,sample_text155,sample_text156,sample_text157,sample_text158,sample_text159,sample_text160,sample_text161,sample_text162,sample_text163,sample_text164,sample_text165,sample_text166,sample_text167,sample_text168,sample_text169,sample_text170,sample_text171,sample_text172,sample_text173,sample_text174,sample_text175,sample_text176,sample_text177,sample_text178,sample_text179,sample_text180,sample_text181,sample_text182,sample_text183,sample_text184,sample_text185,sample_text186,sample_text187,sample_text188,sample_text189,sample_text190
28,keringanan ukt,Pengajuan Keringanan UKT sesuai jadwal Heregistrasi dan dilakukan melalui SIMASTER menu Adminsitrasi sub menu Permohonan hasil pengajuannya dilihat di SIMASTER,,usr.ugm_keringanan_ukt,info pengajuan keringanan ukt,cara ajuin keringanan ukt min,detail terkait keringanan ukt dong kak,butuh info terkait keringanan ukt nih,kalo mau ngajuin keringanan ukt tuh gimana ya kak?,alur pengajuan keringanan ukt,rincian informasi keringanan ukt dong min,kamu tau informasi seputar permohonan keringanan ukt?,kalo butuh keringanan ukt gimana caranya ya?,tanya soal keringanan ukt dong,panduan ajuin keringanan ukt min,aku lagi cari info tentang keringanan ukt,cara minta keringanan ukt,mau ajukan potongan ukt,info keringanan biaya kuliah,tolong bantu saya mengajukan keringanan ukt ugm,gimana cara dapet keringanan ukt?,pengajuan pengurangan nominal ukt,syarat minta keringanan bayar kuliah,mau ajukan penurunan ukt,info subsidi atau keringanan ukt,cara pengajuan keringanan di simaster,permohonan keringanan ukt maba,bantuan biaya ukt semester ini,saya ingin mengajukan keringanan ukt,saya mengalami kesulitan finansial apakah bisa mengajukan keringanan ukt,apakah bisa mengajukan keringanan pembayaran ukt,cara mengajukan keringanan ukt,apakah tersedia keringanan ukt disini,info cara ngajuin keringanan ukt dong,bagaimana mekanisme pengajuan keringanan ukt,petunjuk mengajukan keringanan ukt,apakah pembayaran ukt ada keringanan kak,apakah ada bantuan untuk keringan ukt,bagaimana proses pengajuan keringanan ukt,tolong dong cara ngeringanin biaya ukt gimana,pengajuan keringanan ukt bisa diajukan lewat apa ya,info keringanan ukt dong bisa diajuin dimana,gimana cara pengajuan keringanan ukt?,kasih aku info terkait pengajuan keringanan ukt dong,spill proses pengajuan keringanan ukt,jadwal pengajuan keringanan ukt,mau minta keringanan ukt bisa kah,pengajuan keringanan ukt di simaster dilakukan pada bagian mana,cek hasil pengajuan keringanan ukt,"aku butuh keringanan ukt nih, gimana prosedur pengajuannya?",info terbaru terkait pengajuan keringanan ukt ugm min,mau ajuin keringanan ukt,infoin cara pengajuan keringanan ukt dong,min kalau mau dapet keringanan ukt harus mulai dari mana ya,aku penasaran keringanan ukt itu prosesnya ribet ga sih,boleh minta info keringanan ukt dong lagi butuh banget,kalau pengajuan keringanan ukt biasanya lewat apa ya,aku lagi cari tau soal keringanan ukt bisa dibantu jelasin ga,keringanan ukt itu ada batas waktunya ga ya kak,min kalau kondisi tertentu bisa dapet keringanan ukt ga sih,bagaimana cara mengajukan keringanan ukt di ugm,mohon penjelasan mengenai prosedur pengajuan keringanan ukt,dimana saya dapat mengajukan keringanan untuk biaya ukt,panduan teknis mengenai permohonan keringanan ukt,,,,,,,,,,,,,,,,,,,,,,,,,,,,,,,,,,,,,,,,,,,,,,,,,,,,,,,,,,,,,,,,,,,,,,,,,,,,,,,,,,,,,,,,,,,,,,,,,,,,,,,,,,,,,,,,,,,,,,,,,,,,,,,,,,
29,cuti dalam periode,"Prosedur Cuti/ Aktif Kembali/ Perpanjangan Studi dalam periode Heregistrasi, melalui SIMASTER dengan cara:
1. Pilih menu Adminsitrasi sub menu Permohonan 
2. Klik Ajukan permohonan > Periode > Aktivitas > Klik Ajukan 
3. Selanjutnya menunggu persetujuan dari Fakultas/Sekolah melalui SIMASTER",,usr.ugm_cuti_dalam_periode,aku mau cuti periode ini,cara ngajuin cuti dalam periode min,prosedur cuti dalam periode kak,langkah ajuin cuti dalam periode,min nanya alur cuti dalam periode dong,butuh panduan terkait pengajuan cuti dalam periode nih kak,kalo mau permohonan cuti dalam periode gimana caranya ya?,tolong jelasin detail proses cuti dalam periode min,minta informasi langkah langkah pengajuan cuti dalam periode dong min,aku mau cari tau tata cara urus cuti dalam periode nih kak,min tolong jabarin prosedur lengkap permohonan cuti dalam periode ya,pengajuan cuti dalam periode,cara cuti pas masa registrasi,mau ambil cuti semester ini,gimana cara urus cuti kuliah?,pengajuan cuti di simaster,mau cuti tapi masih masa daftar ulang,alur cuti dalam periode heregistrasi,langkah-langkah cuti mahasiswa,cara minta ijin cuti lewat simaster,tutorial ajukan cuti kuliah,mau berhenti sementara kuliah,prosedur cuti di simaster gimana?,pengen cuti semester sekarang,"saya mau cuti dalam semester ini, caranya gimana ya",informasi prosedur cuti dalam periode di ugm,bagaimana cara mengurus status aktif setelah cuti dalam periode,saya ingin menanyakan perihal pengajuan cuti di dalam periode kuliah,bagaimana langkah-langkah untuk alur administrasi pengajuan cuti dalam periode,saya memerlukan panduan untuk pelaksanaan cuti dalam periode,bagaimana cara mengajukan cuti dalam periode kuliah,kalau mau ambil cuti di periode ini gimana ya kak,bantuan pengajuan cuti saat pelaksanaan periode ini,"saya mau aktif kembali setelah cuti dalam periode sebelumnya, apakah ada prosedurnya",mau tanya tentang cara alur tata cara cuti dalam periode ini,berikan prosedur lengkap pengajuan cuti dalam periode sekarang,prosedur pengajuan cuti dalam periode,pengajuan cuti dalam periode bisa dilakukan lewat apa,cara ajuin cuti dalam periode di simaster gimana,info terkait pengajuan cuti dalam periode min,cara pengajuan cuti dalam periode gimana?,mau ajuin cuti dalam periode heregistrasi,spill cara pengajuan cuti dalam periode min,info cara ajuin cuti dalam periode di simaster,pengajuan cuti dalam periode butuh persetujuan fakultas kah,jelasin cara pengajuan cuti dalam periode heregistrasi dong,langkah langkah untuk pengajuan cuti dalam periode,bantu aku untuk ajuin cuti dalam periode min,prosedur lengkap dan terbaru terkait cuti dalam periode,boleh dijelaskan terkait pengajuan cuti dalam periode?,aku lagi cari info cuti dalam periode nih,tutorial pengajuan cuti dalam periode,gimana caranya kalau mau cuti dalam periode ? ,apakah boleh cuti dalam periode di ugm?,min cuti dalam periode biasanya diajuin lewat sistem apa ya,kasih penjelasan cara untuk cuti dalam periode dong min.,cuti dalam periode bisa dibatalin ga kalau berubah pikiran,kak kalau cuti dalam periode pengaruh ke akademik ga ya,mekanisme untuk mengajukan cuti di dalam periode,cuti dalam periode itu harus diajuin sebelum deadline ya,info pengajuan cuti di luar periode.,prosedur cuti di luar periode dong kak.,langkah ajuin cuti di luar periode.,cara ngajuin cuti di luar periode min.,min nanya alur cuti di luar periode.,kalo permohonan cuti di luar periode itu gimana sih caranya?,tolong jelasin detail pengajuan cuti di luar periode min.,minta informasi langkah terkait cuti di luar periode dong kak.,aku pengen tau tata cara urus cuti di luar periode.,urus cuti di luar periode kak.,cara ngurus cuti di luar periode gimana ya kak?,rincian info cuti di luar periode kak.,mau cuti tapi masa registrasi lewat,cara cuti kalo sudah lewat jadwal,gimana cara cuti lewat surat?,pengajuan cuti di luar jadwal,telat urus cuti kuliah,prosedur cuti manual lewat fakultas,bisa cuti ga kalo lewat periode?,surat permohonan cuti kuliah,mau cuti tapi simaster tutup,alur cuti di luar masa heregistrasi,"saya mau ngajuin cuti di luar periode, bisa tolong jelaskan?",langkah cuti telat registrasi,mohon informasi prosedur pengajuan cuti akademin diluar masa registrasi,bagaimana alur untuk melakukan cuti di luar periode yang ditetapkan,saya ingin menanyakan mekanisme perpanjangan studi di luar jadwal kalender akademik,"apakah masih dimungkinkan untuk mengurus izin jeda kuliah setelah perkuliahan dimulai
",bagaimana prosedur untuk cuti diluar periode yang ditetapkan,informasi tentang proses pengaktifan kembali mahasiswa,saya mau ambil cuti tapi sudah lewat masanya gimana caranya ya,saya berencana mengurus perizinan cuti diluar periode ini,apakah bisa mengajukan cuti secara mendadak di luar periodenya,info buat mahasiswa yang harus izin cuti diluar periodenya,saya ingin mengajukan cuti susulan diluar masa periode,mohon bantuan terkait pengajuan cuti diluar masa periode,kalau mau ngajuin cuti diluar periode harus kasih surat ke fakultas kah,prosedur pengajuan cuti diluar periode gimana,info terkait pengajuan cuti diluar periode dong,cuti diluar periode cara pengajuannya gimana,pengajuan cuti diluar periode lewat apa sih,spill cara pengajuan cuti diluar periode heregistrasi dong,jelasin terkait pengajuan cuti diluar periode dong kak,informasi terbaru tentang pengajuan cuti diluar periode,cara pengajuan cuti diluar periode yang benar gimana sih,jika ingin mengajukan cuti diluar periode bagaimana caranya,langkah langkah pengajuan cuti diluar periode,tolong kasih info pengajuan cuti diluar periode min,boleh minta tutorial cuti di luar periode?,info proses lengkap pengajuan cuti di luar periode,"aku pengen cuti diluar periode nih, gimana caranya ya",penjelasan terbaru terkait alur cuti diluar periode dong kak,kalau cuti diluar periode harus ada alasan khusus ga,aku bingung cuti diluar periode itu prosedurnya beda ga,min cuti diluar periode biasanya diproses lama ga ya,kalau udah lewat waktu masih bisa cuti diluar periode ga sih,prosedur pengajuan cuti akademik diluar periode,cuti diluar periode itu harus izin ke siapa aja ya,min jelasin dong cuti diluar periode itu gimana alurnya,bagaimana mekanisme permohonan aktif kembali,,,,,,,,,,,,,,,,,,,,,,,,,,,,,,,,,,,,,,,,,,,,,,,,,,,,,,,,,,,,,,,,,,,,,,
30,melihat e-ktm,"Utuk melihat E-KTM melalui aplikasi SIMASTER:
1. Menu Akademik Kemahasiswaan sub menu Akademik
2. Sub menu eKTM",,usr.ugm_melihat_ektm,pengen lihat e-ktm kak.,langkah langkah melihat e-ktm min.,min letak buat melihat e-ktm di sebelah mana ya?,nyari menu untuk lihat e-ktm kok susah ya kak.,kak tolong arahin dong urutan melihat e-ktm.,klik apa aja ya kak kalau mau lihat e-ktm sendiri?,ada instruksi tertulis nggak min soal cara melihat e-ktm kita?,posisi menu melihat e-ktm.,tolong arahin lihat e-ktm.,langkah cepat lihat e-ktm.,mau melihat e-ktm min.,butuh lihat e-ktm.,cara liat e-ktm,e-ktm simaster ada dimana?,mau liat kartu mahasiswa digital,cara akses ktm online,tutorial buka e-ktm di simaster,dimana menu buat liat e-ktm?,ktm digital liatnya dimana ya?,mau cek e-ktm mahasiswa,cara download e-ktm simaster,menu e-ktm di simaster,gimana cara liat kartu mahasiswa?,tampilan e-ktm ada di mana?,tunjukkan e-ktm saya,saya ingin mengakses e-ktm saya,dimana saya bisa melihat e-ktm saya,saya ingin lihat e-ktm,berikan cara lihat e-ktm,dimana tampilan resmi e-ktm saya di simaster,apakah ada fitur untuk melhat e-ktm,apakah saya bisa melihat e-ktm milik saya,mau liat e-ktm dong,bagaimana cara akses e-ktm secara online,"saya membutuhkan e-ktm segera, dimana mengaksesnya",saya ingin memastikan apakah e-ktm saya sudah terbit,cara melihat e-ktm gimana ya,untuk lihat e-ktm bisa lewat apa,untuk lihat e-ktm melalui simaster kah?,gimana cara lihat e-ktm di simaster,bantu untuk lihat e-ktm min,e-ktm bisa dilihat melalui apa?,lihat e-ktm di simaster lewat menu apa?,info e-ktm di simaster,simaster bagian mana yang digunakan untuk lihat e-ktm?,kasih tau cara lihat e-ktm dong,jelasin cara cek e-ktm di simaster min,mau lihat e-ktm dimana ya min?,aku mau lihat e ktm ku tapi bingung harus lewat mana,untuk melihat tampilan e-ktm akses apa?,prosedur atau cara melihat e-ktm,infoin tata cara melihat e-ktm dong min,aku butuh e ktm sekarang cara liatnya gimana ya,kenapa e ktm ku ga muncul ya kak,min kalau mau download e ktm itu dimana ya,aku penasaran e ktm bisa dicetak juga ga sih,melihat e ktm itu lewat simaster ya kak,aku lagi butuh panduan lihat e ktm nih tolong bantu,bagaimana cara mengakses e-ktm melalui simaster,instruksi melihat e-ktm di sistem akademik,,,,,,,,,,,,,,,,,,,,,,,,,,,,,,,,,,,,,,,,,,,,,,,,,,,,,,,,,,,,,,,,,,,,,,,,,,,,,,,,,,,,,,,,,,,,,,,,,,,,,,,,,,,,,,,,,,,,,,,,,,,,,,,,,,
31,perubahan e-ktm,Perubahan E_KTM menjadi KTM Fisik tidak dapat dilakukan karena pencetakan KTM dilakukan hanya satu kali setiap angkatannya,,usr.ugm_perubahan_ektm,min ada layanan buat perubahan e-ktm ke bentuk fisik nggak?,kak cara ngurus perubahan e-ktm biar dicetak gimana ya?,mau tanya prosedur perubahan e-ktm jadi kartu dong.,aku pengen ajuin perubahan e-ktm nih kak.,kak tolong bantu aku urus perubahan e-ktm dong.,min minta kejelasan terkait proses perubahan e-ktm dong.,kebijakan kampus soal perubahan e-ktm gimana sih kak?,tolong info terkait perubahan e-ktm kak.,mekanisme perubahan e-ktm gimana?,layanan perubahan e-ktm ke fisik.,tolong kasih tau ketentuan dari pihak kampus soal perubahan e-ktm dong kak.,mau tanya seputar masalah perubahan e-ktm.,mau ganti e-ktm ke fisik,cara cetak kartu ktm asli,bisa ga e-ktm jadi ktm fisik?,kira-kira bisa ga ya ngubah e-ktm jadi ktm fisik?,cetak ktm fisik dimana ya?,ganti ktm digital jadi kartu,prosedur pembuatan ktm fisik,kenapa ktm cuma e-ktm aja?,mau kartu mahasiswa yang fisik,cara dapet ktm fisik ugm,apa bisa cetak ktm sendiri?,mau tukar e-ktm jadi kartu,tolong info pencetakan e-ktm,saya ingin print e-ktm menjadi fisik gimana ya,apakah bisa e-ktm di cetak menjadi kartu,apakah tersedia layanan perubahan e-ktm menjadi fisik,saya ingin mengubah e-ktm menjadi fisik,bisakah saya menukarkan e-ktm menjadi ktm fisik,bagaimana cara mahasiswa merubah e-ktm menjadi fisik,bagaimana langkah merubah e-ktm menjadi bentuk kartu,cara mencetak e-ktm menjadi kartu fisik,bagaimana cara merubah e-ktm menjadi fisik,apakah e-ktm bisa dicetak?,info dong pencetakan e-ktm,apakah bisa melakukan perubahan e-ktm?,ubah e-ktm itu bisa ga sih,kalau aku mau melakukan perubahan e-ktm gimana,emang bisa buat perubahan e-ktm?,kalau mau ubah e-ktm jadi ktm fisik bisa ga,bisa ngubah ektm jadi ktm fisik nggak?,mau nyetak ektm,info tentang perubahan e-ktm min,penjelasan terkait perubahan e-ktm,ubah e-ktm jadi ktm fisik bisa kah,apa yang membuat e-ktm tidak bisa diubah jadi fisik?,e-ktm ku bisa dicetak nggak yah?,untuk cetak e-ktm gitu bisa nggak?,mau ubah e-ktm ke bentuk fisik bisa nggak?,mau cetak e ktm,mau ngajuin perubahan e-ktm min,kalau mau ajukan perubahan e ktm harus lewat apa ya,min apakah perubahan e ktm ke bentuk fisik perlu dokumen pendukung,untuk cetak e-ktm bisa nggak min?,perubahan e ktm itu bisa online ga sih kak,saya ingin mencetak e-ktm menjadi bentuk fisik,bisa nggak aku cetak e-ktm?,informasi adanya pencetakan e-ktm menjadi ktm fisik,plis kasih tau alur perubahan e ktm ke bentuk fisik yang jelas,,,,,,,,,,,,,,,,,,,,,,,,,,,,,,,,,,,,,,,,,,,,,,,,,,,,,,,,,,,,,,,,,,,,,,,,,,,,,,,,,,,,,,,,,,,,,,,,,,,,,,,,,,,,,,,,,,,,,,,,,,,,,,,,,,
32,ktm hilang,"Prosedur KTM Hilang adalah:
1. Mengajukan Permohonan Surat Keterangan Aktif Kuliah melalui SIMASTER
2. Membuat Surat Keterangan Hilang dari Kepolisian
3. Mendatangi Bank penerbit KTM sebelumnya
4. Selanjutnya mengikuti prosedur Bank Penerbit",,usr.ugm_ktm_hilang,min tolong bantuannya dong soal ktm hilang,butuh arahan nih kak gara gara ktm hilang,min minta rincian tahapan buat cetak ulang ktm hilang dong,nanya urutan birokrasi kalau ktm hilang kak,tolong jabarin langkah demi langkah penyelesaian ktm hilang ya min,tolong pandu aku soal masalah ktm hilang dong,minta penjelasan detail soal urusan ktm hilang ya,tahapan resmi mengatasi ktm hilang,panduan ngurus ktm hilang,alur urus ktm hilang,proses ngurus ktm hilang,solusi buat ktm hilang,ktm saya hilang gimana ya?,cara urus ktm yang ilang,prosedur bikin ktm baru karena hilang,syarat buat ktm pengganti,mau lapor ktm hilang,kartu mahasiswa ilang buatnya dimana?,dokumen buat urus ktm hilang,langkah-langkah ganti ktm hilang,minta ktm baru soalnya ilang,cara buat ktm baru di bank,urus ktm yang hilang gimana?,syarat cetak ktm baru,"ktm saya hilang, bagaimana mengurusnya",saya ingin membuat ktm baru karena hilang,bagaimana cara kepengurusan ktm yang hilang,langkah-langkah yang harus dilakukan saat ktm hilang,panduan mengenai ktm yang hilang,prosedur penggantian ktm yang hilang,bagaimana cara membuat ktm baru jika yang lama hilang,apakah ada prosedur untuk ktm yang hilang,saya kehilangan ktm. bagaimana cara mengurus pembuatan ktm yang baru,info buat mahasiswa yang kehilangan ktm,bantuannya cara pembuatan ktm yang hilang,saya ingin mengajukan pembuatan ktm saya yang hilang,kalau ktm hilang gimana ya solusinya,ktm hilang aku harus ngapain min,prosedur jika ktm hilang,kasih info terkait prosedur ktm hilang dong min,langkah yang harus dilakukan saat ktm hilang,"terkait ktm hilang, bagamana ya prosedurnya?",cara mengurus masalah ktm yang hilang,apa yang harus dilakukan saat ktm hilang?,kendala ktm hilang gimana min,solusi terkait ktm hilang,"ada masalah min, ktm hilang",mengurus ktm yang hilang,alur mengurus ktm hilang,mohon dibantu proses urus ktm ku yang hilang kak,kalo ktm hilang bisa buat lagi ngga? caranya gimana ya,detail informasi prosedur pengajuan cetak ulang ktm hilang,min ktm hilang itu bisa diurus online atau harus datang,aku butuh ktm cepat ktm hilang bisa dipercepat ga ya,kalau ktm hilang ada biaya penggantian ga sih,aku bingung ktm hilang harus lapor ke siapa dulu,ktm hilang tapi lagi butuh banget gimana solusinya ya,min jelasin dong langkah ngurus ktm hilang,bagaimana mekanisme pelaporan kehilangan ktm,ktm hilang bisa diganti sementara dulu ga sih,,,,,,,,,,,,,,,,,,,,,,,,,,,,,,,,,,,,,,,,,,,,,,,,,,,,,,,,,,,,,,,,,,,,,,,,,,,,,,,,,,,,,,,,,,,,,,,,,,,,,,,,,,,,,,,,,,,,,,,,,,,,,,,,,,
33,ktm rusak,"Prosedur KTM Rusak adalah:
1. Mendatangi Bank penerbit KTM sebelumnya
2. Selanjutnya mengikuti prosedur Bank Penerbit",,usr.ugm_ktm_rusak,info prosedur ktm rusak min,solusi buat ktm rusak,panduan mengatasi ktm rusak,tanya soal ktm rusak kak,min tolong bantuannya dong soal ktm rusak,kak kalau kasusnya ktm rusak alurnya ke mana dulu ya?,butuh arahan nih kak gara gara ktm rusak,minta rincian tahapan penyelesaian ktm rusak dong,nanya urutan birokrasi kalau ktm rusak dong kak,tolong jabarin langkah langkah buat ngurusin ktm rusak,tahapan resmi buat mengatasi ktm rusak min,kak tolong pandu aku nyelesain masalah ktm rusak,ktm saya patah,kartu mahasiswa rusak gimana gantinya?,cara urus ktm yang chipnya rusak,ktm rusak mau ganti baru,prosedur ganti kartu ktm rusak,kartu mahasiswa ga terbaca,ktm saya hancur mau cetak lagi,gimana kalo ktm rusak?,cara lapor ktm rusak ke bank,urus ktm yang sudah jelek/rusak,tolong bantu saya mengurus ktm yang rusak,syarat ganti kartu ktm yang rusak,bagaimana prosedur ktm yang rusak fisik,mekanisme perbaikan ktm yang rusak,langkah-langkah mengurus ktm yang rusak,saya membutuhkan panduan untuk mengurus ktm rusak,bagaimana alur untuk ktm yang rusak,dimana saya bisa mengurus ktm saya yang rusak,cara mengganti ktm yang rusak,tolong ktm saya tidak berfungsi dengan baik,ktm saya rusak bagaimana rincian prosedurnya,bagaimana cara mengganti ktm yang rusak,prosedur ktm saya yang patah atau rusak,bagaimana mencetak ulang ktm yang rusak,ktm rusak harus gimana,prosedur saat ktm rusak gimana ya,kalau ktm rusak apa yang harus dilakukan?,ada masalah ktm rusak min,apa yang harus dilakukan saat ktm rusak?,kendala ktm rusak kak,ktm rusak gimana prosedurnya?,kasih penjelasan terkait prosedur ktm rusak dong,cariin info prosedur ktm rusak dong,gimana kalau tiba tiba ktm rusak,cara mengurus ktm yang rusak,detail info terkait prosedur ktm rusak,kalo ktm rusak bisa cetak ulang ngga?,rincian prosedur pengajuan cetak ulang ktm rusak,mohon diinfokan cara penerbitan ulang ktm yang rusak,"ktm ku rusak, mau panduan mengurus penerbitan ulangnya",min ktm rusak bisa langsung cetak ulang ga,aku butuh ktm tapi kondisinya rusak gimana ya,ktm rusak itu proses prosedurnya bagaiamana? ,kalau ktm rusak bisa diurus online ga kak,bagaimana prosedur yang harus dilakukan jika ktm rusak,saya perlu informasi mengenai penggantian ktm yang rusak,mohon instruksi mengenai pelaporan ktm yang rusak,plis bantu jelasin alur ktm rusak ya,,,,,,,,,,,,,,,,,,,,,,,,,,,,,,,,,,,,,,,,,,,,,,,,,,,,,,,,,,,,,,,,,,,,,,,,,,,,,,,,,,,,,,,,,,,,,,,,,,,,,,,,,,,,,,,,,,,,,,,,,,,,,,,,,,
35,biodata tidak sesuai,"Jika anda ingin Memperbaiki kesalahan Biodata pokok, Silakan kirim email ke """"itdaa@ugm.ac.id""""dengan subyek [Perbaikan Data Mahasiswa]_niu_nama. Dilampiri dengan bukti pendukung (Kartu Keluarga/KTP) dan mengisi form http://ugm.id/PDMdikti ",,usr.ugm_biodata_tidak_sesuai_ubah_biodata,lapor biodata tidak sesuai,kak mau urus biodata tidak sesuai,min kalau biodata tidak sesuai solusinya gimana?,cara lapor kalau ada biodata tidak sesuai kak.,panduan buat perbaiki biodata tidak sesuai dong min,min tolong arahin dong kalau data ktp sama biodata tidak sesuai,info terkait revisi biodata tidak sesuai kak,min cara ubah biodata tidak sesuai gimana?,min aku mau ralat soalnya ada biodata tidak sesuai.,kak tolong jelasin alur buat benerin biodata tidak sesuai,ngurus biodata tidak sesuai.,solusinya kalau biodata tidak sesuai gimana ya?,data diri di simaster salah,mau benerin biodata mahasiswa,nama di simaster ga sesuai ktp,cara edit profil mahasiswa,biodata simaster ada yang keliru,mau perbaiki data pokok mahasiswa,gimana cara ganti alamat di biodata?,edit biodata simaster lewat mana?,data nik di simaster salah,cara urus perbaikan data mahasiswa,mau update biodata simaster,profil mahasiswa tidak sesuai,saya ingin memperbaiki data pribadi saya,cara benerin biodata yang tidak sesuai,bagaimana prosedur perbaikan biodata,saya ingin mengkoreksi biodata saya di sistem,saya menemukan kesalahan data milik saya,mekanisme pembaruan data yang tidak sesuai,saya ingin melaporkan ada perbedaan data di biodata saya,bagaimana cara mengurus biodata yang tidak sesuai,prosedur cara benerin biodata,solusi perbaikan biodata saya,mau tau cara benerin biodata yang salah,saya mau update biodata karena tidak sesuai,gimana kalau biodata tidak sesuai?,mau perbaiki biodata yang tidak sesuai bisa?,cara memperbaiki biodata yang tidak sesuai gimana,prosedur untuk memperbaiki biodata yang tidak sesuai,info terkait perbaikan biodata yang tidak sesuai,email untuk melakukan perbaikan biodata yang tidak sesuai,"biodata ku tidak sesuai min, bisa bantu?",aku mau perbaiki biodata yang tidak sesuai,apa yang harus dilakukan untuk memperbaiki biodata yang tidak sesuai?,langkah perbaikan biodata yang tidak sesuai,masalah biodata yang tidak sesuai apakah bisa diperbaiki?,kendala terkait biodata yang tidak sesuai,aku lihat biodata tidak sesuai ini kenapa ya kak,min biodata tidak sesuai itu bisa diperbaiki ga sih,aku nemu data salah biodata tidak sesuai harus lapor kemana,biodata tidak sesuai ini bahaya ga ya buat ke depan,aku bingung banget biodata tidak sesuai harus mulai dari mana,min kalau biodata tidak sesuai perlu dokumen pendukung ga,aku takut biodata tidak sesuai bikin masalah nanti,biodata tidak sesuai itu bisa langsung diupdate ga kak,prosedur revisi biodata saya yang tidak sesuai,bagaimana mekanisme perbaikan data di sistem ugm,biodata tidak sesuai biasanya diproses berapa lama ya,plis aku butuh solusi soal biodata tidak sesuai ini,urus revisi biodata kak,cara ganti biodata min,link form ubah biodata,min nanya prosedur perbaikan biodata dong,kak berapa lama sih proses perubahan biodata,tolong infoin tautan buat ngajuin revisi biodata ya min,"mau update biodata di pddikti nih, syaratnya apa aja kak?",min kalau biodata di pddikti salah itu asalnya dari data registrasi awal ya,"aku mau benerin biodata nih kak, prosesnya gimana?","kak biodata aku ngga sesuai di sistem, tolong pandu langkah buat ngerubahnya",ralat biodata pddikti min,min form ugm buat benerin biodata mana ya?,mau benerin biodata pddikti,salah input data di dikti,cara ubah biodata di pddikti,link form perbaikan biodata,data profil pddikti tidak sesuai,ganti data pokok di pddikti,prosedur perbaikan biodata dikti,berapa lama proses update biodata?,email buat benerin data dikti,bukti pengajuan biodata pddikti,mau edit profil mahasiswa dikti,salah ketik nama di pddikti,"terdapat kesalahan tempat lahir, dimana perbaikannya","tanggal lahir di pddikti tidak sesuai ktp, mohon arahannya",saya ingin memperbaiki kesalahan nama di pddikti,terjadi kesalahan input bagian agama di pddikti,dimana saya bisa memperbaiki data pddikti,berikan langkah untuk revisi data di pddikti,apakah perubahan data memerlukan waktu yang lama,data saya ada yang salah di pddikti,kak cara benerin data lewat pddikti gimana ya,dimana link untuk mengajukan perubahan data pddikti,saya ingin mengajukan perbaikan biodata pddikti,saya mau tanya tentang solusi kesalahan input data di pddikti,biodata sesuai data apa sih min?,kalau biodata tidak sesuai apakah bisa dirubah?,bagaimana cara merubah biodata di pddikti?,jelaskan skema perubahan biodata di pddikti,"aku mau ubah biodata min, bisa tolong jelasin caranya",bukti proses pengajuan perubahan biodata bisa minta lewat apa?,proses perubahan biodata membutuhkan waktu berapa lama?,"biodata ku di pddikti salah min, bisa bantu ga",aku mau melakukan perubahan biodata min,info form perubahan biodata di pddikti dong min,biodataku di pddikti mau aku perbarui,ganti biodata di pddikti gimana prosesnya?,kak aku mau cek biodata tapi bingung harus lewat mana,min biodata itu bisa dilihat di sistem apa ya,aku nemu biodata aku kayaknya salah deh ini gimana,biodata itu bisa diubah sendiri ga sih kak,"min aku perlu ngubah biodata, tolong bantu",aku penasaran biodata yang tersimpan itu dari mana,kak kalau biodata keliru harus lapor kemana,biodata aku ga sesuai ini harus diperbaiki gimana ya,bagaimana cara sinkronisasi biodata di pddikti,aku lagi cari cara lihat biodata di sistem,prosedur perbaikan biodata mahasiswa di pddikti,cara benerin biodata yang salah di pddikti,lapor biodata tidak sesuai min,cara urus biodata tidak sesuai kak,link form perubahan biodata yang  tidak sesuai,solusi biodata tidak sesuai gimana min?,mau benerin biodata tidak sesuai di pddikti nih,panduannya gimana sih kalau mau ngajuin revisi karena biodata tidak sesuai?,min mau ralat biodata tidak sesuai,kak pengen ngajuin perubahan data ke pddikti gara gara biodata tidak sesuai nih,tolong bantu arahin alur pengajuan kalau nemuin masalah biodata tidak sesuai ya,kalo biodata tidak sesuai lapor kemana ya?,"biodata ku tidak sesuai nih, bisa diperbaiki kah?",mau ganti biodata tidak sesuai,nama di pddikti beda sama ktp,cara ganti biodata di dikti,salah input tanggal lahir di pddikti,biodata pddikti ga sinkron,info profil di pddikti salah,mau update biodata di web dikti,cara isi form pdmdikti,perbaikan data diri di pddikti,biodata di pddikti ga sesuai pendaftaran,link buat benerin profil dikti,urus biodata pddikti yang keliru,"halo, biodata pddikti saya tidak sesuai mohon bantuannya",prosedur perbaikan biodata pddikti,mohon informasi revisi data identitas di pddikti,terjadi kesalahan penulisan data di pddikti,bagaimana cara mengubah biodata di pddikti,mekanisme pengajuan revisi nama yang salah di pddikti,saya ingin menanyakan alur untuk merubah tanggal lahir di pddikti,terjadi kesalahan informasi biodata saya di pddikti,biodataku di pddikti salah nih kak,cara ganti nama lengkap di pddikti gimana ya min,"min, data profilku di pddikti salah ketik",dimana saya bisa benerin biodata saya di pddikti,biodata saya tidak sesuai di pusat pddikti,bantu kasih info terkait biodata di pddikti yang tidak cocok,biodata di pddikti tidak sesuai itu kenapa ya,cara memperbaiki biodata yang tidak sesuai gimana ya,berapa lama proses perbaikan biodata yang tidak sesuai?,"biodata ku tidak sesuai, bisa bantu ga?",langkah langkah untuk mengubah biodata pddikti yang tidak sesuai,bukti proses pengajuan perubahan biodata yang tidak sesuai bisa minta lewat apa?,info solusi untuk biodata yang tidak sesuai di pddikti,email untuk minta bukti proses pengajuan biodata yang tidak sesuai dong,info form untuk pengajuan perubahan biodata yang tidak sesuai,kalau biodata tidak sesuai maka apa yang harus dilakukan,jelasin terkait skema pengajuan perubahan biodata yang tidak sesuai dong,"ini biodata di pddikti ku ga sesuai, infoin apa yg harus aku lakuin","biodata di pddikti ku salah, mohon dibantu cara merubahnya",kak aku lihat biodata di pddikti tidak sesuai itu kenapa ya,minta form pengajuan perubahan biodata yang tidak sesuai dong min,aku bingung banget biodata tidak sesuai ini solusinya apa,kalo biodata tidak sesuai itu biasanya saya harus ngapain? ,bisa bantu jelasin cara benerin biodata tidak sesuai ga,min kalau biodata tidak sesuai harus lapor ke siapa ya,terdapat perbedaan biodata pddikti dan biodata registrasi ,prosedur revisi biodata yang berbeda di pddikti,bagaimana sinkronisasi data berbeda di pddikti,langkah administratif untuk merubah biodata yang berbeda,,,,,,,,,,
36,Riwayat registras sia master tidak sesuai,"Riwayat Registrasi Pembayaran sesuai dari data pembayaran UKT dan Riwayat Keaktifan sesuai data KRS/ permohonan aktifitas mahasiswa, jika tidak sesuai silahkan untuk menghubungi Fakultas/Sekolah terlebih dahulu.",,usr.ugm_riwayat_registrasi_master_tidak_sesuai,info terkait riwayat registrasi master tidak sesuai,lapor riwayat registrasi master tidak sesuai.,kak riwayat registrasi master tidak sesuai nih,urus riwayat registrasi master tidak sesuai kemana?,min kenapa ya riwayat registrasi master tidak sesuai?,solusi kalau riwayat registrasi master tidak sesuai gimana kak?,kendala riwayat registrasi master tidak sesuai,minta petunjuk dong min buat ngurusin riwayat registrasi master tidak sesuai.,cara benerin riwayat registrasi master tidak sesuai min,kasus riwayat registrasi master tidak sesuai,min bantu cek dong riwayat registrasi master tidak sesuai,pengajuan komplain soal riwayat registrasi master tidak sesuai,mohon info cara menyesuaikan riwayat registrasi simaster yang datanya masih keliru,"halo, riwayat regitrasi simaster ugm saya keliru","tolong bantu riwayat registrasi simaster punya saya tidak sesuai,",riwayat keaktifan kuliah ga sesuai,gimana cara saya bisa perbaiki riwayat registrasi simaster,kenapa riwayat registrasi simaster saya tidak sesuai?,riwayat registrasi sia master salah,cek riwayat pembayaran ukt dimana?,status mahasiswa di simaster ga cocok,riwayat krs ga muncul di simaster,kenapa riwayat bayar belum lunas?,info riwayat registrasi bermasalah,info riwayat saya berbeda dari yang saya bayar,saya ingin melaporkan perbedaan riwayat pembayaran saya,bagaiamana prosedur pelaporan untuk riwayat registrasi yang tidak sesuai,terdapat perbedaan informasi pada kolom riwayat registrasi,mekanisme pelaporan riwayat registrasi yang tidak sesuai,rincian riwayat saya tidak sesuai saat registrasi,kenapa riwayat pembayaran saya belum lunas padahal sudah bayar,cara update riwayat yang tidak sesuai dengan data pembayaran,riwayat registrasi berbeda dari yang saya bayarkan,terdapat masalah riwayat pembayaran ukt,riwayat keaktifan saya tidak sesuai,riwayat registrasi terdapat kesalahan,kalau riwayat registrasi master tidak sesuai gimana dong,info terkait riwayat registrasi master yang tidak sesuai,siapa yang dihubungi jika riwayat registrasi master tidak sesuai?,kenapa riwayat registrasi master tidak sesuai,cara mengatasi masalah riwayat registrasi master yang tidak sesuai,solusi untuk riwayat registrasi master yang tidak sesuai,bagaimana jika riwayat registrasi master tidak sesuai,bantu beri penyelesaian untuk riwayat registrasi master yang tidak sesuai,untuk mengatasi masalah riwayat registrasi master yang tidak sesuai apa yang harus dilakukan?,riwayat registrasi master tidak sesuai gimana dong min,"riwayat registrasi master tidak sesuai min, mohon bantuannya ya",kok bisa riwayat registrasi master tidak sesuai min?,kak ini riwayat registras sia master tidak sesuai kenapa ya bisa gitu,kenapa riwayat registrasi sia simaster bisa tidak sesuai,perbaikan riwayat registrasi sia simaster,aku bingung banget riwayat registrasi sia master tidak sesuai mulai dari mana benerinnya,riwayat registrasi sia master saya tidak sesuai itu harus gimana ya?,kak kalau riwayat registrasi sia master tidak sesuai lapornya ke mana ya,min bantu dong riwayat registrasi sia master tidak sesuai ini harus gimana,aku lagi cek dan ternyata riwayat registrasi sia master tidak sesuai kenapa ya,riwayat registrasi sia master tidak sesuai itu biasanya karena apa sih,kenapa riwayat registrasi di sia simaster saya tidak sesuai ya,prosedur pelaporan riwayat akademik yang tidak sesuai di simaster,kalau riwayat registrasi sia master tidak sesuai bisa diselesaikan online ga ya,,,,,,,,,,,,,,,,,,,,,,,,,,,,,,,,,,,,,,,,,,,,,,,,,,,,,,,,,,,,,,,,,,,,,,,,,,,,,,,,,,,,,,,,,,,,,,,,,,,,,,,,,,,,,,,,,,,,,,,,,,,,,,,,,,
37,edaran wisuda,Informasi Edaran wisuda sarjana/diploma atau Pasacasrajana/Spesialis silakan melihat di https://akademik.ugm.ac.id/ di Bagian Wisuda,,usr.ugm_edaran_wisuda,informasi terkait edaran wisuda min,link edaran wisuda.,lihat edaran wisuda dimana?,mau tanya soal edaran wisuda,kak mau cek edaran wisuda di mana ya?,min tolong kasih tau alamat web buat ngecek edaran wisuda dong,"aku lagi nyari info detail soal edaran wisuda nih, ceknya di mana ya?",minta tolong arahin aku ke bagian buat lihat edaran wisuda dong,akses edaran wisuda gimana?,minta petunjuk nyari edaran wisuda dong,pengumuman terkait edaran wisuda ada di sebelah mana?,letak edaran wisuda di web akademik itu di menu apa?,info wisuda sarjana terbaru,jadwal wisuda kapan ya?,link edaran wisuda ugm,mau tau jadwal wisuda pascasarjana,kapan pendaftaran wisuda dibuka?,info pelaksanaan wisuda periode ini,liat edaran wisuda dimana?,kasih saya informasi edaran wisuda ugm,jadwal wisuda diploma kapan?,mau tanya soal edaran wisuda,tanggal penting wisuda ugm,info lengkap soal wisuda,info rincian edaran wisuda dong,apakah ada surat resmi edaran wisuda,dimana saya bisa mengakses edaran wisuda,bagaimana cara melihat edaran wisuda ugm,jadwal dan aturan wisuda yang telah diedarkan,apakah surat edaran wisuda sudah di publikasikan,info lengkap tentang edaran wisuda ugm,mohon bantuan terkait edaran wisuda ugm terbaru,kapan edaran wisuda diterbitkan,edaran wisuda ugm sudah keluar belum ya,dimana link akses untuk melihat edaran wisuda ugm,edaran wisuda ugm sudah di update belum ya,info edaran wisuda dong min,edaran wisuda bisa dilihat dimana sih,tolong kasih info terkait edaran wisuda dong min,bisa bantu cariin info edaran wisuda ga,"halo, mau info edaran wisuda boleh?",mau lihat edaran wisuda min,info edaran wisuda di akademik ugm bisa dilihat di bagian mana ya?,cek info edaran wisuda dimana min,edaran wisuda sarjana infonya bisa dilihat dimana?,mau cek info  terkait edaran wisuda sih,kalau mau cek edaran wisuda lewat akademik ugm kah?,di akademik ugm ada info terkait edaran wisuda ga min,min aku lagi nyari edaran wisuda tapi belum nemu nih dimana ya,kak edaran wisuda itu biasanya diumumin lewat apa sih,butuh informasi terbaru terkait edaran wisuda,detail info edaran wisuda terlengkap,min kalau mau baca edaran wisuda lengkap harus ke mana ya,aku lagi siap siap wisuda tapi belum lihat edaran wisuda nih,ada info terkait edaran wisuda nggak min?,edaran wisuda bisa diakses bebas atau harus login ya,saya ingin mengecek edaran wisuda di ugm,aku bingung edaran wisuda itu biasanya keluar kapan ya,dimana pengumuman resmi mengenai edaran wisuda,informasi publikasi edaran wisuda ugm,,,,,,,,,,,,,,,,,,,,,,,,,,,,,,,,,,,,,,,,,,,,,,,,,,,,,,,,,,,,,,,,,,,,,,,,,,,,,,,,,,,,,,,,,,,,,,,,,,,,,,,,,,,,,,,,,,,,,,,,,,,,,,,,,,
38,proses verifikasi dpp,Proses verifikasi di DPP dengan sistem first in first out dari data yang masuk ke sistem verifkasi wisuda setelah proses verikasi dari prodi/fakultas selesai. ,,usr.ugm_proses_verifikasi_dpp,mau tanya terkait proses verifikasi dpp.,info proses verifikasi dpp,alur proses verifikasi dpp,lama proses verifikasi dpp,mekanisme proses verifikasi dpp gimana?,penjelasan rinci terkait proses verifikasi dpp dong min,tolong terangin mekanisme jalannya proses verifikasi dpp,penasaran sama proses verifikasi dpp,min minta kejelasan soal tahapan proses verifikasi dpp,kenapa proses verifikasi dpp aku lama ya,durasi proses verifikasi dpp,kasih tau sistem kerja di proses verifikasi dpp dong,verifikasi dpp wisuda berapa lama?,status verifikasi dpp saya,info verifikasi wisuda di dpp,kenapa verifikasi dpp lama sekali?,cek status verifikasi dpp dimana?,alur verifikasi dpp wisuda,verifikasi dpp itu apa ya?,gimana cara tau dpp sudah verif?,bantuan verifikasi dpp wisuda,info antrian verifikasi dpp,mau tanya soal berkas dpp,status dpp di simaster belum beres,mohon penjelasan verifikasi data dibagian dpp,bagaimana proses verifikasi di dpp,bagaimana informasi tentang proses verifikasi dpp,saya memerlukan kejelasan tentang status antrian verifikasi dpp,mohon informasi lengkap tentang verifikasi di dpp,saya ingin memastikan apakah data saya sudah di verifikasi di dpp,bagaimana status verifikasi dpp saya,kenapa proses verifikasi dpp lama banget,alur status verifikasi dpp saya bagaimana ya,apakah proses verifikasi dpp itu cepat,cek progres verifikasi dpp saya,urutan verifikasi dpp mahasiswa,proses verifikasi dpp itu gimana sih,tahapan apa aja yang terdapat pada proses verifikasi di dpp,info terkait proses verifikasi dpp dong kak,jelasin proses verifikasi di dpp dong min,skema proses verifikasi di dpp,bagaimana urutan rinci terkait proses verifikasi di dpp,bisa tolong sebutkan proses apa saja pada saat verifikasi di dpp?,berikan penjelasan lengkap terkait proses verifikasi dpp,proses verifikasi dpp itu berdasarkan apa?,gimana sih proses verifikasi hingga ke dpp,proses verifikasi di dpp pakai sistem fifo kan?,apakah verifikasi di dpp itu urut berdasarkan urutan masuk?,kak ini proses verifikasi dpp itu lagi di tahap mana ya aku bingung,min proses verifikasi dpp ku udah sampai tahap apa ya,antrian verifikasi dpp ku dah sampai mana?,mau cek update proses verifikasi dpp ku,aku penasaran proses verifikasi dpp itu dicek apa aja sih,kak kalau proses verifikasi dpp stuck harus ngapain ya,min bantu dong aku lagi di proses verifikasi dpp tapi ga jelas statusnya,aku takut ada masalah di proses verifikasi dpp ini kenapa ya,proses verifikasi dpp itu pakai sistem antrian ya kak,kalau proses verifikasi dpp belum selesai apa yang harus dilakukan,min aku butuh kejelasan soal proses verifikasi dpp ini dong,plis jelasin alur proses verifikasi dpp dari awal sampai akhir,,,,,,,,,,,,,,,,,,,,,,,,,,,,,,,,,,,,,,,,,,,,,,,,,,,,,,,,,,,,,,,,,,,,,,,,,,,,,,,,,,,,,,,,,,,,,,,,,,,,,,,,,,,,,,,,,,,,,,,,,,,,,,,,,,
39,proses etd,"Proses verifikasi ETD dilakukan oleh Perpustakaan Pusat, untuk keterangan lebih lanjut silakan menghubungi nomor +62 857-2508-1628 atau join telegram: t.me/LibraryUGM_um",,usr.ugm_proses_etd,mau nanya seputar proses etd.,info pihak pengurus proses etd,min nanya alur proses etd dong.,tolong pandu untuk proses etd ya.,nyari narahubung yang ngurusin proses etd nih kak.,harus ngechat kemana buat urusan kelancaran proses etd min?,kak mau tau kejelasan tahapan sama nomor kontak di proses etd,kalau mau minta bantuan tentang kelanjutan proses etd kemana ya?,pusat layanan proses etd,pengen konsultasi langsung soal proses etd nih kak,minta arahan dong min buat nanya progres proses etd ke siapa,bantu urusan proses verifikasi etd min,cara verifikasi etd,info etd perpustakaan,verifikasi etd berapa hari?,status etd wisuda saya,gimana cara urus etd perpus?,tanya soal etd ugm,nomor wa perpus buat etd,bantuan masalah etd wisuda,kenapa etd saya belum diverifikasi?,prosedur etd perpustakaan pusat,gimana caranya proses verifikasi etd saya,tolong kasih saya alur proses verifikasi etd,bagaimana alur verifikasi berkas di etd,bagaimana kelanjutan verifikasi berkas etd saya,dimana saya bisa menghubungi terkait proses etd,apakah ada layanan konsultasi mengenai verifikasi etd,mohon bantuan terkait status unggahan saya di etd,bagaimana proses verifikasi berkas di etd,apakah bisa melakukan revisi di etd lewat sistem online,cara status verifikasi etd lebih cepat gimana ya,bisa minta kontak person bagian etd tentang masalah saya,info untuk mahasiswa yang sedang mengurus verifikasi di etd,saya sudah mengunggah di etd kenapa belum verifikasi ya,kenapa verifikasi etd lama banget ya min,info terkait proses verifikasi etd dong,proses verifikasi etd dilakukan oleh siapa?,untuk mendapatkan detail info terkait proses etd bagaimana?,info kontak untuk keterangan terkait proses etd,jelaskan informasi sekilas terkait proses etd dong,apakah proses etd diverifikasi oleh perpustakaan pusat?,bagaimana cara mendapatkan keterangan lebih lanjut mengenai proses verifikasi etd?,berikan info sekilas terkait proses etd,boleh bantu kasih penjelasan terkait proses verifikasi etd,bisa kasih link tele untuk mendapatkan keterangan lebih lanjut terkait proses etd?,min mau info detail tentang proses verifikasi etd,nomor yang bisa dihubungi untuk dapat keterangan lebih lanjut terkait proses etd,aku lagi di tahap proses etd tapi bingung harus ngapain kak,min proses etd itu sebenarnya siapa yang verifikasi ya,aku butuh info proses etd soalnya belum paham alurnya,proses etd itu lewat perpustakaan ya kak,kalau proses etd ada kendala harus hubungi siapa ya,min bantu jelasin dong proses etd itu langkah langkahnya gimana,aku cek proses etd tapi belum berubah statusnya kenapa ya,proses etd itu perlu waktu berapa lama sih kak,aku lagi nyari kontak proses etd bisa dibantu ga,bagaimana mekanisme proses etd di kampus,prosedur menghubungi pihak kampus terkait status etd,plis jelasin dong proses etd biar aku ga salah langkah,,,,,,,,,,,,,,,,,,,,,,,,,,,,,,,,,,,,,,,,,,,,,,,,,,,,,,,,,,,,,,,,,,,,,,,,,,,,,,,,,,,,,,,,,,,,,,,,,,,,,,,,,,,,,,,,,,,,,,,,,,,,,,,,,,
40,proses gamacobrand,"Proses Gama CoBrand dilakukan oleh  Kantor Alumni, untuk keterangan lebih lanjut silakan menghubungi nomor +62 811-2582-434",,usr.ugm_proses_gamacobrand,cek progres proses gamacobrand.,kak rujukan kontak buat proses gamacobrand apa ya?,minta arahan soal penyelesaian proses gamacobrand dong kak.,butuh wa admin buat konsultasi proses gamacobrand min.,alur proses gamacobrand,tahapan proses gamacobrand,kontak proses gamacobrand kak,tanya proses gamacobrand min,layanan untuk proses gamacobrand,narahubung untuk proses gamacobrand,call center proses gamacobrand,butuh kejelasan proses gamacobrand,apa itu gamacobrand?,info kartu gamacobrand alumni,gimana caranya melakukan proses gamacobrand?,cara urus gamacobrand alumni,coba jelasin ke saya cara memproses gamacobrand,gimana cara dapet kartu gamacobrand?,bantuan masalah gamacobrand,info pembuatan gamacobrand,"saya mau proses gamacobrand, saya harus ngapain?",tanya soal gamacobrand alumni,proses kartu alumni gamacobrand,kenapa gamacobrand saya belum jadi?,kenapa kartu gama cobrand saya belum jadi,dimana saya bisa mendapatkan kartu gama cobrand,apakah proses pembuatan gama cobrand lama,dimana saya bisa mendapatkan gama cobrand,mohon informasi mengenai gama cobrand,kemana saya bisa mendapatkan kartu gama cobrand,aku mau buat gama cobrand gimana yah,cara dapat gama cobrand gimana ya kak,info lebih lanjut pembuatan kartu alumni gama cobrand,info dong cara dapet gama cobrand,dimana saya bisa mengambil gama cobrand milik saya,bagaimana status pembuatan gama cobrand saya,proses gama co brand dilakukan oleh siapa?,nomor hubung terkait gama co brand,info terkait proses gama co brand dong min,yang melakukan proses gama co brand siapa min?,keterangan terkait proses gama cobrand,jelasin terkait proses gama cobrand dong min,aku mau tau terkait proses gama cobrand,proses gama cobrand dilakukan oleh kantor apa ,yang menjalankan proses gama cobrand itu kantor apa min,kasih aku info tentang proses gama cobrand,proses gama cobrand itu diproses lewat mana sih,urusan terkait proses gama cobrand bisa tolong dijelaskan?,min aku lagi urus proses gama co brand tapi bingung mulai dari mana,kak proses gama co brand itu diurus di bagian apa ya,aku butuh info proses gama co brand lengkap dong,butuh info lebih lanjut tentang proses gamacobrand,min kalau proses gamacobrand ada masalah hubunginya kemana ya,aku penasaran proses gama co brand kayak gimana sih,kak bantu jelasin dong proses gama co brand itu alurnya gimana,aku lagi cari tau proses gama co brand tapi belum dapet jelasnya,bagaimana mekanisme peneribitan gama co brand,saya butuh informasi status proses gama co brand,kalau proses gamacobrand gagal apa bisa ulang lagi,plis jelasin dong proses gamacobrand secara detail,,,,,,,,,,,,,,,,,,,,,,,,,,,,,,,,,,,,,,,,,,,,,,,,,,,,,,,,,,,,,,,,,,,,,,,,,,,,,,,,,,,,,,,,,,,,,,,,,,,,,,,,,,,,,,,,,,,,,,,,,,,,,,,,,,
41,pelaksananaan wisuda,"Informasi proses pelaksanaan wisuda akan disampaikan oleh Humas dan Protokol UGM melalui fakultas/sekolah, silakan update informasi di fakultas/sekolah. ",,usr.ugm_pelaksanaan_wisuda,nanya detail pelaksanaan wisuda min,update seputar pelaksanaan wisuda dong kak,kak nungguin kabar pelaksanaan wisuda nih,min mau pastiin seputar pelaksanaan wisuda,kepastian acara pelaksanaan wisuda nanya ke mana ya?,pengen tau kepastian pelaksanaan wisuda periode ini kak,kabarin dong min kalau info pelaksanaan wisuda udah keluar,rincian pelaksanaan wisuda min.,minta kabar terbaru soal pelaksanaan wisuda.,mau nyari tau soal pelaksanaan wisuda,panduan resmi pelaksanaan wisuda bisa dicek di mana min?,aku udah kepo soal pelaksanaan wisuda nih.,info pelaksanaan wisuda ugm kayak gimana?,teknis pelaksanaan wisuda,pengumuman acara wisuda ugm,gimana proses wisuda nanti?,jadwal pelaksanaan wisuda,info dari humas soal wisuda,mau tau info teknis wisuda,koordinasi wisuda di fakultas,tata cara wisuda ugm,pengumuman prosesi wisuda,berita pelaksanaan wisuda,update acara wisuda dari kampus,mohon informasi detail pelaksanaan wisuda ugm,bagaimana proses pelaksanaan wisuda di kampus,berikan informasi lengkap pelaksanaan wisuda,apa saja jadwal dari pelaksanaan wisuda ugm,mohon penjelasan mengenai urutan rangkaian acara pada pelaksanaan wisuda ugm,informasi lengkap pelaksanaan wisuda ugm,pengumuman teknis pelaksanaan wisuda,aturan pelaksanaan wisuda di ugm,apa saja informasi terkait rincian pelaksanaan wisuda,bagaimana skema pelaksanaan wisuda tahun ini,bagaimana cara mendapatkan informasi akurat pelaksanaan wisuda ,dimana saya bisa mendapatkan info wisuda,terkait pelaksanaan wisuda akan disampaikan melalui apa?,bagaimana cara mendapat info pelaksanaan wisuda yang terupdate,kasih info terkait pelaksanaan wisuda dong min,info pelaksanaan wisuda akan disampaikan oleh siapa?,info terbaru terkait pelaksanaan wisuda dong,punya info terkait jadwal pelaksanaan wisuda ga,proses pelaksanaan wisuda akan disampaikan kapan?,apakah ada pengumumam terkait pelaksanaan wisuda?,edaran terkait pelaksanaan wisuda,info terkait proses pelaksanaan wisuda sudah disampaikan kah,apa ada info terkaait pelaksanaan wisuda?,mau tau info terkait pelaksanaan wisuda dong kak,kak aku mau tau pelaksananaan wisuda itu gimana ya,detail informasi pelaksanaan wisuda,butuh update informasi  tentang pelaksanaan wisuda di ugm,adakah info terkait proses pelaksanaan wisuda terbaru?,min bisa jelasin pelaksananaan wisuda dari awal ga,aku penasaran pelaksananaan wisuda itu diatur fakultas atau pusat,kak pelaksananaan wisuda di ugm itu nanti  kayak gimana?,aku butuh info pelaksananaan wisuda lengkap dong,bagaimana informasi lengkap pelaksanaan wisuda ugm,dimana saya bisa mengakses informasi dilakukannya wisuda ugm,mohon penjelasan mengenai pelaksanaan wisuda di ugm,saya memerlukan informasi pelaksanaan wisuda ugm,,,,,,,,,,,,,,,,,,,,,,,,,,,,,,,,,,,,,,,,,,,,,,,,,,,,,,,,,,,,,,,,,,,,,,,,,,,,,,,,,,,,,,,,,,,,,,,,,,,,,,,,,,,,,,,,,,,,,,,,,,,,,,,,,,
42,pinjam toga,"Informasi peminjaman toga untuk wisuda: Sarjana dan Diploma ada di Direktorat Kemahasiswaan, silakan menghubungi no. 0274-6491908  dan wisuda Pascasarjana/Spesialis di Pascasarjana di nomor 082322587857",,usr.ugm_pinjam_toga,info pinjam toga min,cara urus pinjam toga,kontak buat urusan pinjam toga,mau nanya alur pinjam toga sarjana dong,tolong kasih tau narahubung yang ngurusin pinjam toga wisuda ya kak.,"aku mau proses pinjam toga nih, harus telpon ke direktorat mana min?",pengen tau rincian soal pinjam toga nih min.,urusan pinjam toga lewat mana?,hotline layanan pinjam toga wisuda berapa,kak tolong info nomor wa buat pinjam toga,rincian buat pinjam toga dong,di mana sih pusat layanan pinjam toga?,cara pinjam toga wisuda,mau sewa toga ugm,tempat ambil toga dimana?,pinjam toga buat sarjana,nomor kontak peminjaman toga,prosedur sewa toga pascasarjana,mau tanya soal toga wisuda,syarat pinjam toga mahasiswa,gimana cara dapet toga wisuda?,info peminjaman toga diploma,hubungi siapa buat pinjam toga?,ada informasi ga ya buat minjam toga untuk wisuda?,informasi prosedur peminjaman toga,"saya ingin meminjam toga, dimana tempatnya",kemana saya bisa mendapatkan info lengkap peminjaman toga,bagaimana mekanisme peminjaman toga,apa saja persyaratan administratif peminjaman toga,mohon informasi mengenai tempat peminjaman toga,kepada siapa saya bisa meminjam toga,di ugm ada tempat minjem toga ga,tolong infoin tempat peminjaman toga dong,dimana logasi peminjaman toga,bagaimana langkah-langkah peminjaman toga di ugm,dimana saya bisa menghubungi tempat peminjaman toga,mau tanya terkait peminjaman toga dong min,info terkait peminjaman toga ada di mana?,minta nomor untuk informasi peminjaman toga dong,kalau mau pinjam toga bisa diurus dimana min,"untuk sarjana, informasi peminjaman toga ada di mana min?","untuk informasi peminjaman toga wisuda pascasarjana, adakah nomor yang bisa dihubungi?",info peminjaman toga untuk wisuda pascasarjana ada di mana?,adakah nomor yang bisa dihubungi untuk info terkait peminjaman toga wisuda sarjana?,"aku mau urus peminjaman toga min, bisa dibantu?","halo, mau info peminjaman toga wisuda yang lengkap dong min",untuk prosedur peminjaman toga bagaimana ya?,bisa tolong dijelaskan terkait peminjaman toga?,min aku mau pinjam toga tapi belum tau caranya,kak pinjam toga itu harus ke mana ya,aku butuh info pinjam toga buat wisuda nanti,mohon arahan terkait proses peminjaman toga,min kalau pinjam toga bisa diwakilkan ga ya,aku bingung proses pinjam toga ini gimana,kak pinjam toga itu bayar atau gratis ya,min bantu dong jelasin pinjam toga langkahnya,aku lagi cari tempat pinjam toga tapi belum ketemu,bagaimana prosedur peminjaman toga universitas,informasi kontak untuk peminjaman toga,mekanisme peminjaman toga bagi lulusan ugm,,,,,,,,,,,,,,,,,,,,,,,,,,,,,,,,,,,,,,,,,,,,,,,,,,,,,,,,,,,,,,,,,,,,,,,,,,,,,,,,,,,,,,,,,,,,,,,,,,,,,,,,,,,,,,,,,,,,,,,,,,,,,,,,,,
43,terlambat daftar wisuda,"Jika Saudara terlambat mendaftar wisuda, silakan menghubungi bagian akademik di Program Studi/Fakultas/Sekolah atau mengikuti wisuda periode selanjutnya.",,usr.ugm_terlambat_daftar_wisuda,kalau terlambat daftar wisuda gimana?,solusi terlambat daftar wisuda,"aku terlambat daftar wisuda nih, gimana ya?",tanya aturan buat yang terlambat daftar wisuda dong min,kak langkah selanjutnya kalau kita terlambat daftar wisuda apa ya?,minta arahan terkait terlambat daftar wisuda,tolong dong kasih pencerahan soalnya aku udah terlanjur terlambat daftar wisuda,info buat yang terlambat daftar wisuda,resiko terlambat daftar wisuda,lapor terlambat daftar wisuda kak,min kasih saran dong buat kasus terlambat daftar wisuda,pengen nanya kelanjutan nasib kalau kita terlambat daftar wisuda,telat daftar wisuda gimana?,ketinggalan registrasi wisuda,solusi kalau telat daftar wisuda,gimana kalau lupa daftar wisuda?,"halo, saya terlambat daftar wisuda tolong bantu",telat input data wisuda,prosedur mahasiswa telat wisuda,pengen wisuda tapi pendaftaran tutup,bantuan terlambat daftar wisuda,apa bisa wisuda kalau telat daftar?,apa yang harus saya lakukan kalo telat daftar wisuda?,cara urus telat daftar wisuda,solusi daftar wisuda terlambat,prosedur pengajuan wisuda bagi yang terlambat,bagaimana solusi alternatif terkait pendaftaran wisuda yang terlambat,saya telat daftar wisuda nih,apakah tidak bisa mendaftar wisuda bagi yang terlambat?,panduan terkait keterlambatan pendaftaran wisuda,"aku terlambat daftar wiuda, bisa nyusul ga",gimana cara daftar wisuda kalau telat daftar,saya terlewat deadline daftar wisuda,kalo telat daftar wisuda ngurusnya dimana ya,apakah ada pendaftaran wisuda susulan bulan ini,solusi ketinggalan daftar wisuda,gimana kalau terlambat daftar wisuda min,"aku terlambat daftar wisuda min, bantu dong",apa yang harus dilakukan jika terlambat daftar wisuda?,jika terlambat daftar wisuda maka menghubungi siapa?,kasih solusi kalau terlambat daftar wisuda dong min,kalau terlambat daftar wisuda apa berarti ikut periode selanjutnya ya?,"pendaftaran sudah lewat tapi aku belum daftar, jadi terlambat daftar wisuda deh",kalau terlambat daftar wisuda apakah masih bisa dipertimbangkan?,aku mau mengajukan permohonan terkait keterlambatan daftar wisuda min,"ketinggalan min, jadi telat daftar wisuda deh",jika terlambat daftar wisuda apakah masih bisa didiskusikan lebih lanjut?,"aku lupa min, jadi terlambat daftar wisuda",min arahan buat yg terlambat daftar wisuda dong,min kalau terlambat daftar wisuda ada solusi ga ya,aku panik karena terlambat daftar wisuda ini gimana ya,terlambat daftar wisuda itu harus lapor kemana kak,min bantu dong aku kena kasus terlambat daftar wisuda,aku bingung terlambat daftar wisuda masih bisa ikut periode ini ga,kak kalau terlambat daftar wisuda harus nunggu periode berikutnya ya,terlambat daftar wisuda itu bisa diajukan khusus ga sih,min aku butuh penjelasan terlambat daftar wisuda ini dong,solusi bagi mahasiswa yang terlambat mendaftar wisuda,informasi mengenai pendaftaran wisuda bagi yang terlambat daftar,plis jelasin dong soal terlambat daftar wisuda ini,,,,,,,,,,,,,,,,,,,,,,,,,,,,,,,,,,,,,,,,,,,,,,,,,,,,,,,,,,,,,,,,,,,,,,,,,,,,,,,,,,,,,,,,,,,,,,,,,,,,,,,,,,,,,,,,,,,,,,,,,,,,,,,,,,
44,data di pddikti,"Sesuai edaran Dikti bahwa Data mahasiswa umum di PDDIKTI https://pddikti.kemdiktisaintek.go.id/ mulai angkatan 2003, untuk mahasiswa dibawah angktan tahun itu dapat mengajukan surat keterangan ke Fakultas, untuk pencarian data di PDDikti dapat menggunakan Nama atau dengan NIM tanpa garis miring (/), pilih tombol Pencarian Spesifik untuk data yang lebih udapte di PDDikti",,usr.ugm_data_mahasiswa_di_pddikti,info cek data di pddikti,kak nanya soal data di pddikti,cara nyari data di pddikti min,kalau mau liat data di pddikti format nimnya gimana?,kak tolong kasih tau link resmi buat ngeliat data di pddikti dong,minta solusinya dong kalau ngecek data di pddikti tapi aku angkatan lama,info terkait update data di pddikti,cari nama buat data di pddikti,min kenapa riwayat data di pddikti aku ngga ada,mau ngecek pembaruan status mahasiswa untuk data di pddikti nih,ini gimana yah kalau mau ngecek data di pddikti,kak tolong dibantu cara nampilin versi terbaru dari pencarian data di pddikti dong,cek nama saya di pddikti,link pddikti buat mahasiswa,pengecekan data di pddikti,bantu saya cek data mahasiswa di dikti,cek data alumni di pddikti,info website pddikti,cara cari data maba di dikti,halo  saya mau cek data mahasiswa di pdidikti ,adakah panduan untuk mencari data mahasiswa di dikti?,panduan cari data di pddikti,cara pencarian spesifik pddikti,apa saja prosedur untuk mencari mahasiswa di dikti,tolong cek data saya di pddikti,aku mau ngecek data di pddikti,apakah mahasiswa tua tidak terdaftar di pddikti,panduan terkait mengecek data mahasiswa di pddikti,berikan informasi cek data di pddikti ,berikan tautan untuk mengecek data mahasiswa di pddikti,bagaimana panduan mencari data mahasiswa di pddikti,prosedur mengecek status kelulusan di pddikti,petunjuk pencarian data mahasiswa di pddikti,cara cek nama di pddikti gimana kak,arahan untuk memeriksa data mahasiswa di pddikti,dimana tautan untuk memeriksa informasi lengkap mahasiswa di pddikti,apakah ada info terkait data yang tersedia di pddikti?,untuk angkatan 2002 apakah data di pddikti tersedia ?,pencarian data di pddikti dapat menggunakan apa saja,cara melakukan pencarian data yang lebih update di pddikti,untuk mahasiswa lama yang data di pddikti nya tidak tersedia maka harus apa?,info terkait pencarian data di pddikti,bagaimana cara melakukan pencarian data di pddikti,ketentuan pencarian data di pddikti menggunakan NIM,tombol pencarian spesifik di pddikti digunakan untuk apa?,data di pddikti tersedia untuk angkatan berapa sih,aku mau cek data di pddikti min,pencarian data di pddikti bisa pakai nama?,min aku mau cek data di pddikti tapi ga tau caranya,buat cari data di pddikti selain pakai nama bisa pakai apa,pengen lihat dataku di pddikti gimana langkahnya?,data di pddikti itu harus pakai nim atau nama sih,min bantu dong aku mau lihat data di pddikti,aku penasaran data di pddikti itu update nya kapan,kak kalau data di pddikti kosong itu kenapa ya,data di pddikti ku ga muncul ini gimana ya,min aku butuh panduan cek data di pddikti dong,aku lagi cari tau kenapa data di pddikti tidak ada,kak kalau data di pddikti salah bisa diperbaiki ga,plis jelasin dong cara akses data di pddikti,lapor data tidak ada di pddikti min,cek solusi data tidak ada di pddikti,kenapa data tidak ada di pddikti ya?,minta penjelasan dong kalau data tidak ada di pddikti,ngurus data tidak ada di pddikti min,mau tanya soal data tidak ada di pddikti,kalau ngalamin kasus data tidak ada di pddikti padahal nim udah bener itu lapornya kemana?,aku punya kendala data tidak ada di pddikti nih,bingung status data tidak ada di pddikti kak,tolong arahin dong pas cari pakai nama malah data tidak ada di pddikti,udah ngetik nim ngga pake garis miring tapi di web tetep data tidak ada di pddikti,kasus data tidak ada di pddikti,nim saya ga ketemu di pddikti,kenapa data saya ga ada di web dikti?,"habis buka pddikti, kok data saya nggak yah?",nim ga muncul pas cari di dikti,masalah data pddikti angkatan lama,cara pencarian spesifik di pddikti,kok data saya ga terdaftar di dikti ya?,"tolong dong bantu, data saya di dikti gak ada sama sekali",data pddikti saya tidak ada mohon bantuannya,cari nama di pddikti ga ada hasil,"permisi admin, data mahasiswa saya di pddikti tidak ada",gimana kalau data ga muncul di pddikti?,data saya tidak ditemukan di pddikti,langkah pelaporan data yang kosong di pddikti,data pddikti punya saya kok kosong ya kak,min namaku ga ketemu di pddikti,solusi data tidak muncul di pencarian pddikti,di pddikti kok gak ada data saya ya,kenapa dataku hilang ya di pddikti,cara mengurus data yang tidak ada di pddikti,bagaimana panduan jika nama saya tidak terinput di pddikti,kenapa data profil pendidikan saya tidak muncul di pddikti,mohon arahan jika data identitas saya tidak muncul di pddikti,bagaimana cara melaporkan data yang tidak muncul di pddikti,saya habis cek kok data saya tidak ada di pddikti ya min,gimana nih kalau data tidak ada di pddikti?,info solusi dong kalau data mahasiswa ga ada di pddikti,data saya kok tidak ada ya di pddikti?,jelasin dong kenapa data bisa tidak tersedia di pddikti?,kalau data mahasiswa tidak ada di pddikti gimana ya min,"min, tolong dong kalau data mahasiswa ga ada di pddikti gimana",cara cari data di pddikti gimana sih?,"aneh, kok bisa ga tersedia ya data di pddikti","padahal tadi udah aku cari, tapi data ga ada di pddikti",kenapa ya kok di pddikti bisa hilang data nya,"aku udah coba cari data pakai nama di pddikti, tapi ga muncul",aku cek tapi data tidak ada di pddikti itu kenapa ya,min kalau data tidak ada di pddikti harus lapor kemana,data tidak ada di pddikti padahal aku sudah kuliah itu gimana ya,kak data tidak ada di pddikti bisa diperbaiki ga,bagaimana jika data saya tidak ada di pddikti,aku bingung banget data tidak ada di pddikti ini kenapa,"halo kak saya baru saja cek data di pddikti tapi data saya kosong, gimana ya?",data tidak ada di pddikti itu masalah umum ga sih,mengapa profil mahasiswa saya tidak ditemukan di pddikti,prosedur pelaporan bagi alumni yang datanya tidak ada di pddikti,saya sudah mengakses pddikti dan tidak ditemukan data pribadi saya,aku pengen tau langkah kalau data tidak ada di pddikti,,,,,,,,,,,,,,,,,,,,,,,,,,,,,,,,,,,,,,,,,,,,,,,,,,,,,,,,,,,,,,,,,,,,,,
46,Riwayat registrasi pddikti tidak sesuai,"Riwayat registrasi di PDDIKTI sesuai data SIMASTER, untuk mengubahnya silahkan menghubungi admin Program Studi, jika masih dalam semester berjalan maka prosesnya maksimal 1 minggu, jika semester lampau prosesnya +- 2 bulan",,usr.ugm_riwayat_registrasi_pddikti_tidak_sesuai,lapor riwayat registrasi pddikti tidak sesuai,solusi untuk riwayat registrasi pddikti tidak sesuai,cek riwayat registrasi pddikti tidak sesuai min,kak kenapa riwayat registrasi pddikti tidak sesuai simaster?,benerin riwayat registrasi pddikti tidak sesuai itu butuh waktu berapa lama kak?,minta arahan dong gara gara riwayat registrasi pddikti tidak sesuai nih,tolong pandu langkah awalnya kalau riwayat registrasi pddikti tidak sesuai sama data asli,"riwayat registrasi pddikti tidak sesuai, tolong kasih tau prosedur buat ngerubahnya ya",ralat riwayat registrasi pddikti tidak sesuai,perbaikan riwayat registrasi pddikti tidak sesuai,min urus riwayat registrasi pddikti tidak sesuai,kak cara ganti riwayat registrasi pddikti tidak sesuai gimana?,riwayat kuliah di dikti beda,status bayar pddikti ga sesuai,cara update semester di pddikti,riwayat registrasi dikti ga update,semester di pddikti ga cocok,masalah riwayat kuliah di dikti,kenapa riwayat registrasi dikti salah?,sinkronisasi simaster ke pddikti,lapor riwayat registrasi dikti,bantu saya mengubah riwayat registrasi pddikti,perbaikan data semester pddikti,saya ingin melapor data riwayat registrasi dikti keliru,bagaimana prosedur sinkronisasi riwayat registrasi pddikti yang tidak sesuai,bagaimana mekanisme perbaikan riwayat di pddikti yang berbeda,bagaimana cara memperbaiki data riwayat di pddikti,cara pelaporan perbedaan riwayat pddikti,mohon bantuannya mahasiswa yang riwayat pddiktinya berbeda,langkah-langkah kalau riwayat pddikti berbeda dengan kampus,saya mau update riwayat registrasi kampus dan pusat,kemana saya bisa mengajukan perubahan riwayat pddikti yang berbeda,cara lapor riwayat pddikti beda sama pusat,riwayat keaktifan saya di pusat dan simaster berbeda,data riwayat pddikti dan kampus berbeda,kok riwayat registrasiku beda ya kampus sama pddikti,gimana kalau riwayat registrasi pddikti tidak sesuai?,untuk mengubah data riwayat registrasi pddikti yang tidak sesuai bisa hubungi siapa?,apa yang harus dilakukan untuk mengatasi masalah riwayat registrasi pddikti yang tidak sesuai,kok riwayat registrasi pddikti tidak sesuai ya min,berapa lama proses mengubah data riwayat registrasi pddikti yang tidak sesuai?,informasi terkait riwayat registrasi pddikti yang tidak sesuai,kenapa riwayat registrasi di pddikti tidak sesuai dengan data simaster?,"jika ingin memperbaiki data riwayat registrasi pddikti yang tidak sesuai, gimana caranya?","jika masih dalam semester berjalan, maka berapa lama proses perubahannya?",informasi terkait riwayat registrasi pddikti yang tidak sesuai,Riwayat registrasi pddikti tidak sesuai,aku kena masalah data riwayat registrasi pddikti tidak sesuai min,ini gimana cara ubah riwayat registrasi pddikti yang tidak sesuai,penyelesaian buat masalah riwayat registrasi pddikti yang tidak sesuai dong,min kalau riwayat registrasi pddikti tidak sesuai bisa diubah ga,mohon dipandu proses mengurus riwayat registrasi pddikti tidak sesuai,kak riwayat registrasi pddikti saya tidak sesuai. itu gimana ngubahnya? ,min jelasin dong riwayat registrasi pddikti tidak sesuai itu alurnya,aku takut riwayat registrasi pddikti tidak sesuai bikin masalah nanti,riwayat registrasi pddikti tidak sesuai itu harus lapor kemana ya,bagaimana cara sinkronisasi riwayat registrasi pddikti dan simaster yang tidak sesuai,mekanisme pelaporan kesalahan data riwayat registrasi,prosedur revisi data riiwayat registrasi yang berbeda di pddikti,bagaimana prosedur pelaporan perubahan riwayat registrasi yang tidak sesuai,,,,,,,,,,,,,,,,,,,,,,,,,,,,,,,,,,,,,,,,,,,,,,,,,,,,,,,,,,,,,,,,,,,,,,,,,,,,,,,,,,,,,,,,,,,,,,,,,,,,,,,,,,,,,,,,,,,,,,,,,,,,,,,,,,
47,nilai / matakuliah,"Nilai dan KRS mata kuliah di PDDIKTI sesuai data SIMASTER, untuk mengubahnya silahkan menghubungi admin Program Studi, jika masih dalam semester berjalan maka prosesnya maksimal 1 minggu,  jika semester lampau prosesnya +- 2 bulan",,usr.ugm_nilai_mata_kuliah,lapor salah nilai di pddikti,nilai ku yang ada di pddikti nggak sesuai,min revisi matakuliah di pddikti dong,kak cara ubah nilai di pddikti gimana?,min lapornya ke siapa kalau ada salah nilai dan matakuliah di pddikti,butuh waktu berapa lama buat benerin matakuliah di pddikti kak?,apa bener data nilai atau matakuliah di pddikti itu asalnya dari simaster?,tolong bantu dong nilai semester lalu aku ngga sesuai di sistem nih,cek kenapa mata kuliah di pddikti tidak benar,mau urus ralat matakuliah pddikti,min kenapa matakuliah nggak sama kayak simaster,kak tolong pandu langkah lapor ke prodi buat ganti nilai salah di pddikti dong,gimana cara ngubah nilai di dikti yang berbeda,krs ga sinkron ke pddikti,matakuliah di dikti tidak sesuai,cara benerin nilai di pddikti,transkrip di dikti ada yang salah,kenapa matkul saya ga ada di dikti?,update nilai semester di pddikti,krs simaster beda sama pddikti,lapor kesalahan nilai di pddikti,info sinkronisasi nilai ke dikti,perbaikan krs mahasiswa di dikti,nilai pddikti belum update,nilai matakuliah saya berbeda di simaster,bagaimana cara mengubah nilai di simaster,nilai saya berbeda antara penilaian dosen dan simaster,saya ingin mengganti mata kuliah di krs karena tidak sesuai,kenapa semester kemarin nilai di pddikti masih kosong,cara benerin mata kuliah di pddikti,nilai ipk saya di pddikti berbeda dengan simaster,krs saya belum sesuai dengan pddikti,kalau mau benerin nilai-nilai disemester lama gimana ya kak,cara ngurus benerin nilai ke pddikti,cara betulin nilai di pddikti yang masih kosong,nilai dan krs saya tidak sesuai di pddikti,nilai matkul di pddikti kok ga sesuai ya,cara ubah nilai dan krs matkul gimana,berapa lama proses perbaikan data nilai dan krs matkul?,tolong kasih info terkait nilai dan matkul dong,nilai dan krs matkul di pddikti itu sesuai data apa?,siapa yang dihubungi jika ingin melakukan perubahan nilai,aku pengen ubah data krs matkul,jika masih dalam semester maka berapa lama proses perubahannya?,krs matkul ku di pddikti kenapa tidak sesuai data ya,jika sudah semester lampau maka berapa lama proses perubahannya?,gimana kalau data nilai dan krs matkul ku tidak sesuai?,informasi terkait nilai ataupun matakuliah dong min,min nilai matakuliah aku kok ga sesuai ya,kak aku cek nilai matakuliah tapi ada yang salah,aku bingung nilai matakuliah di sistem beda,info dong ini kenapa nilai di pddikti dan simaster ku tidak sesuai ya,halo min nilai mata kuliah ku kok beda ya dengan yang di sistem,nilai matakuliah itu bisa diperbaiki ga sih,min bantu dong aku mau cek nilai matakuliah,aku penasaran nilai matakuliah itu update kapan,terdapat perbedaan nilai antara pddikti dan simaster,nilai dan data krs saya beda nih di pddikti sama simaster,dimana saya bisa melaporkan perbedaan nilai mata kuliah di pddikti dan simaster,plis jelasin cara cek dan perbaiki nilai matakuliah,,,,,,,,,,,,,,,,,,,,,,,,,,,,,,,,,,,,,,,,,,,,,,,,,,,,,,,,,,,,,,,,,,,,,,,,,,,,,,,,,,,,,,,,,,,,,,,,,,,,,,,,,,,,,,,,,,,,,,,,,,,,,,,,,,
48,status mahasiswa,"Status Terakhir Mahasiswa di PDDIKTI sesuai riwayat aktifitas di SIMASTER.
Mahasiswa aktif penyesuaian status dapat menghubungi Fakultas/Sekolah.
Mahasiswa sudah terminasi penyesuaian status mengisi form http://ugm.id/PDLdikti, proses +- 1 bulan sejak kami menerima file. bukti proses pengajuan dapat diminta melalui email pddikti.dpp@ugm.ac.id",,usr.ugm_status_mahasiswa,cek status mahasiswa kak,ralat status mahasiswa min,cara update status mahasiswa di pddikti gimana?,min lapor perubahan status mahasiswa kemana ya?,kak apa bener status mahasiswa di pddikti itu ngikutin riwayat simaster?,kak tolong minta link form buat ngerubah status mahasiswa yang udah terminasi dong,bingung nih min cara lapor kalau status mahasiswa di pddikti ngga sesuai,info dong bedanya prosedur benerin status mahasiswa buat yang aktif sama yang udah terminasi,prosedur mengurus status mahasiswa yg belum sesuai,status kemahasiswaan ku di pddikti ko ga sesuai ya,info cara ganti status mahasiswa di pddikti min,min cara ngurus status mahasiswa yang udah terminasi gimana?,status maba di pddikti ga aktif,status pddikti belum lulus,cek status aktif di pddikti,mau ubah status mahasiswa di dikti,status pddikti ga sesuai simaster,penyesuaian status maba di dikti,halo saya mau benerin status mahasiswa di pdikti gimana?,gimana cara update status dikti?,link form status maba pddikti,bantuan status mahasiswa di dikti,status terminasi di pddikti,info status kelulusan di dikti,lapor perubahan status mahasiswa di pddikti,cara benerin status mahasiswa aktif yang terkena terminasi,bagaimana cara menyesuaikan status saya sebagai mahasiswa,bagaimana status saya di pddikti,mekanisme pengajuan pembaruan status mahasiswa,dimana saya bisa melapor jika status saya di terminasi ,saya ingin melakukan perbaikan status mahasiswa,panduan untuk memperbaiki data status studi saya,bagaimana langkah untuk melakukan pembaruan status mahasiswa,kenapa aku di pddikti masih aktif padahal sudah lulus,cara benerin status di pddikti agar sama dengan simaster,bagikan info untuk mengganti status untuk yang sudah lulus,status mahasiswa di pddikti sesuai dengan apa sih,penyesuaian status untuk mahasiswa aktif dapat menghubungi siapa?,bagaimana cara penyesuaian status untuk mahasiswa terminasi,berapa lama proses penyesuaian status mahasiswa?,statusku di pddikti aktif padahal aku udah lulus,form penyesuaian status bagi mahasiswa sudah terminasi,status mahasiswaku di pddikti salah min,info email untuk minta bukti proses pengajuan penyesuaian status mahasiswa,aku mau melakukan penyesuaian status mahasiswa,kenapa status mahasiswa di pddikti keliru ya,kalau mau ubah status mahasiswa yang salah gimana caranya?,bisa bantu untuk perbaiki data status mahasiswa pddikti?,kak aku mau cek status mahasiswa tapi belum tau caranya,mau melakukan penyesuaian status mahasiswa nih,langkah penyesuaian status buat mahasiswa yang udah terminasi dong,mohon diinfokan prosedur penyesuaian status mahasiswa min,min kalau status mahasiswa bermasalah harus gimana,aku penasaran status mahasiswa itu berubah kapan,kak bantu dong aku mau lihat status mahasiswa,status mahasiswa aku ga jelas ini kenapa ya,solusi untuk status mahasiswa yang tidak sesuai ,saya butuh informasi terkait sinkronisasi status mahasiswa,saya ingin memperbarui status mahasiswa saya,saya ingin mengajukan permohonan penyesuaian status mahasiswa saya,mau urus terkait status tidak sesuai min,cek solusi status mahasiswa tidak sesuai,min cara benerin status tidak sesuai gimana?,min adakah form buat mahasiswa yang statusnya tidak sesuai?,kak aku masih aktif tapi di web pddikti status tidak sesuai nih,kak aku mahasiswa udah lulus nih tapi di pddikti kok status tidak sesuai ya?,lapor status tidak sesuai dong kak,min mau nanya soal status tidak sesuai ya,info detail mengenai perbaikan data untuk status tidak sesuai,min ada kendala nih tentang status tidak sesuai,min minta panduan ngurusin masalah status tidak sesuai dong,nanya alur pelaporan ke kampus dong kalau ngalamin kasus status tidak sesuai,status di pddikti masih aktif padahal udah lulus,kenapa status saya di dikti belum berubah?,cara update status mahasiswa di pddikti,status pddikti ga sama kayak simaster,masalah status terminasi di pddikti,mau ganti status di pddikti gimana?,status mahasiswa di dikti salah,penyesuaian status maba di pddikti,cara lapor status dikti ga sesuai,status lulus belum muncul di pddikti,sinkronisasi status simaster ke dikti,bantuan ganti status mahasiswa di pddikti,mohon informasi perbaikan status mahasiswa saya tidak sesuai,status akademik di pdidikti tidak sesuai simaster,bagaimana prosedur penyesuaian status aktif,ketidaksesuaian status saya di pddikti,laporan status mahasiswa saya tidak sesuai,status di pdidikti saya dan simaster kok berbeda ya,bagaimana prosedur penyesuaian status bagi mahasiswa,apakah ada langkah untuk merubah status saya yang tidak sesuai,kemana saya bisa melapor terkait status yang tidak sesuai,statusku di pddikti kok salah ya kak,cara benerin status mahasiswa yang tidak sesuai gimana ya,status pddikti saya ga sesuai sama simaster,kenapa status di pddikti tidak sesuai?,status mahasiswa ku di pddikti tidak sesuai min,solusi untuk status mahasiswa yang tidak sesuai,penyelesaian masalah status yang tidak sesuai,bagaimana skema penyesuaian status yang tidak sesuai?,"untuk mahasiswa aktif yang status nya tidak sesuai, maka bisa melakukan penyesuaian lewat apa?",untuk mahasiswa terminasi bisa melakukan penyesuaian status yang tidak sesuai dengan cara apa?,berapa lama proses penyesuaian status yang tidak sesuai tersebut?,bukti proses pengajuan penyesuaian status yang tidak sesuai bisa diminta lewat apa ya,apa yang bisa dilakukan untuk menyelesaikan masalah status yang tidak sesuai?,kasih info lengkap terkait kendala status yang tidak sesuai dong min,"status ku tidak sesuai min, bisa tolong bantu?",status tidak sesuai di sistem ini kenapa ya kak,kok status mahasiswa di pddikti ku salah min,status mahasiswa di dikti tidak sesuai harus diajukan kemana ya,mohon diinfokan kenapa status mahasiswa ku di pddikti tidak sesuai,status mahasiswa yang tidak sesuai itu pengajuannya gimana? ,kak kalau status tidak sesuai apa yang harus saya lakukan?,min bantu jelasin dong soal status tidak sesuai,status tidak sesuai ini perlu laporan resmi ga,status informasi ahasiswa saya tidak sesuai di pddikti,mekanisme penyesuaian status mahasiswa di pddikti,bagaimana cara menyesuaikan status mahasiswa yang berbeda,bagaimana prosedur pelaporan status yang tidak sesuai di pddikti,,,,,,,,,,,,,,,,,,,,,,,,,,,,,,,,,,,,,,,,,,,,,,,,,,,,,,,,,,,,,,,,,,,,,,
49,ijazah / transkrip nilai,"Informasi apa yang ingin Anda ketahui? Silakan pilih informasi yang ingin Anda ketahui:
[List menu] Informasi Alumni UGM
[button] Ijazah/ Transkrip Nilai
[button] Data PDDikti
[button] Main Menu",,usr.ugm_ijazah_transkrip_nilai,info transkrip nilai,mau cek ijazah dan transkrip nilai kak,min tanya urusan ijazah dong,mau liat menu informasi tentang ijazah atau transkrip nilai min,kak nanya seputar transkrip nilai alumni ya,tolong tampilin pilihan informasi ijazah min,kak aku butuh bantuan soal ijazah nih,min arahin aku ke layanan buat ngecek transkrip nilai dong,ada opsi buat nyari tau tentang ijazah atau transkrip nilai gitu nggak ya?,min tolong kasih tau menu yang bahas tentang ijazah ya,gimana caranya dapet informasi detail seputar transkrip nilai?,pengen tau langkah selanjutnya kalau mau ngurus ijazah nih,info ijazah alumni ugm,mau tanya soal transkrip nilai,data alumni ugm di ijazah,cara cek ijazah di sistem,minta info transkrip alumni,layanan ijazah dan transkrip,cara dapet data alumni di pddikti,ijazah ugm bermasalah,mau urus ijazah dan transkrip,info alumni terkait ijazah,dokumen alumni ugm,cara akses data transkrip,cara melihat kelengkapan ijazah dan transkrip nilai,apakah ijazah sudah diterbitkan di ugm,saya ingin mengambil ijazah,informasi lengkap terkait alumni ugm,prosedur pengambilan ijazah untuk aumni ugm,saya ingin transkrip nilai saya,info ijazah dong udah jadi apa belum,mau liat ijazah saya,bagaimana cara cek ijazah saya,apakah saya bisa mengecek transkrip nilai saya,informasi lengkap tentang ijazah dan transkrip nilai,mau liat hasil ijazah dan transkrip nilai,info terkait ijazah dong min,kasih info terkait transkrip nilai min,butuh info lengkap tentang ijazah dan transkrip nilai min,bisa kasih info tentang ijazah min?,cariin info terkait transkrip nilai dong,"untuk dapat info terkait ijazah, bisa bantu arahin aku?",mau tanya tanya tentang ijazah boleh ga,kalau mau tanya tanya terkait transkrip nilai boleh?,"untuk dapat info terkait transkrip nilai, bisa bantu arahin aku?",spill info tentang dokumen transkrip nilai dong,boleh nih spill info terkait dokumen ijazah dan transkrip nilai,minta tolong kasi info perihal ijazah min,aku mau tanya soal ijazah sama transkrip nilai dong kak,ijazah atau transkrip nilai itu ngurusnya gimana sih min,butuh update informasi terkait ijazah nih min,mengenai transkrip nilai sudah ada update terbarunya kah?,ijazah sama transkrip nilai itu bisa dicek online ga ya,transkrip nilai aku bisa diakses dimana ya,ijazah belum aku ambil itu prosedurnya gimana sih,kak ijazah dan transkrip nilai biasanya dikasih kapan ya,bagaimana prosedur akses informasi ijazah ,berikan informasi mengenai ijazah dan transkrip nilai,saya ingin tau informasi ijazah di ugm,saya ingin mengecek ijazah saya di sistem ugm,,,,,,,,,,,,,,,,,,,,,,,,,,,,,,,,,,,,,,,,,,,,,,,,,,,,,,,,,,,,,,,,,,,,,,,,,,,,,,,,,,,,,,,,,,,,,,,,,,,,,,,,,,,,,,,,,,,,,,,,,,,,,,,,,,
50,data pddikti,"Informasi Data PDDikti apa yang anda ingin ketahui? Silakan pilih informasi yang Anda perlukan:
[List menu] Informasi Data PDDikti
[button] Data Tidak Ada di PDDikti
[button] Biodata tidak sesuai
[button] Status Tidak Sesuai
[button] Ijazah tidak ada di PISN
[button] Informasi Lain",,usr.ugm_data_pddikti,menu layanan data pddikti,informasi detail terkait data pddikti min,min tampilin menu terkait data pddikti dong,kak mau nanya seputar data pddikti nih,minta info untuk urusan data pddikti dong min,nanya seputar menu data pddikti dong,list info buat data pddikti apa aja min?,min ada menu khusus buat urus terkait data pddikti ga?,mau cek ketersediaan layanan terkait data pddikti kak,opsi menu data pddikti,kak cari info soal data pddikti,kak butuh panduan terkait data pddikti nih,masalah data di pddikti,kasih info seputar data pddikti dong,bantuan data dikti bermasalah,menu informasi pddikti,kamu ada info seputar data pddikti nggak?,"lagi nyari info seputar data di pddikti nih, kamu punya nggak",min kasin info seputar data di pddikti,info pddikti untuk alumni,bantuan teknis data pddikti,aku butuh informasi terkain data di pddikti nih,info lengkap soal pddikti,masalah data mahasiswa di dikti,mohon informasi lengkap mengenai data pddikti,saya memerlukan bantuan terkait info pddikti,berikan penjelasan lengkap mengenai sistem pddikti,saya ingin menanyakan validasi mahasiswa di pddikti,apa saja yang bisa saya jelajahi dari data di pddikti,gimana sih cara cek data pddikti,info pangkalan data di pddikti dong,"halo, saya mau nanya terkait info data di pddikti",tolong kasih info tentang data pddikti,saya mau melaporkan ketidakcocokan data di pddikti,butuh segala informasi yang berhubungan dengan data pddikti,min minta tolong ada info apa aja terkait data pddikti,aku perlu beberapa info terkait data pddikti min,mau tanya tanya terkait data pddikti,spill info terkait data pddikti,kasih informasi perihal data pddikti  dong,info data pddikti apa yang kamu punya?,dalam hal data pddikti kamu bisa bantu kasih info?,"lagi butuh penjelasan terkait data pddikti, bisa bantu ga",jelasin info yang kamu tau tentang data pddikti dong,aku mau tau info seputar data pddikti,apa saja pilihan informasi terkait data pddikti yang kamu punya?,hal yang kamu tau tentang data pddikti spill plis,bantu cari solusi untuk masalah terkait data pddikti ya,kasih info lengkap dan terbaru terkait data pddikti dong,aku butuh informasi terkait data pddikti nih min,aku perlu informasi terupdate terkait data pddikti pliss,layanan informasi terkait data pddikti,info soal data pddikti lengkap ada dimana ya,min aku mau tau data pddikti aku itu bener atau engga,cek data pddikti pakai nim atau nama sih yang bener,aku lagi butuh banget info data pddikti dong tolong,saya ingin mengecek informasi mengenai data pddikti saya,berikan informasi data pddikti yang bisa saya akses,apakah ada layanan pengecekan data identitas di pddikti,bagaimana cara memastikan bahwa data saya sudah tersimpan di pddikti,,,,,,,,,,,,,,,,,,,,,,,,,,,,,,,,,,,,,,,,,,,,,,,,,,,,,,,,,,,,,,,,,,,,,,,,,,,,,,,,,,,,,,,,,,,,,,,,,,,,,,,,,,,,,,,,,,,,,,,,,,,,,,,,,,
51,dokumen hilang,Mengajukan surat permohonan penerbitan ulang ke fakultas/sekolah dengan melampirkan dokumen salinan lamar dan surat laporan kehilangan dari kepolisian. ,,usr.ugm_dokumen_hilang,urus dokumen hilang,solusi dokumen hilang min,kak syarat ngurus dokumen hilang apa aja,min kalau dokumen hilang lapornya ke fakultas kah?,min tolong kasih tau prosedur buat ngurus dokumen hilang dong,kak tolong pandu langkah langkah lapor ke kampus kalau ada dokumen hilang,min dokumen hilang lapornya ke mana aja?,kak minta panduan bikin surat permohonan gara gara dokumen hilang,cek prosedur dokumen hilang min,langkah awal perbaikan dokumen hilang gimana min?,min tolong dibantu dong soalnya aku ada dokumen hilang nih.,berkas permohonan buat dokumen hilang apa aja min,ijazah saya hilang,surat keterangan ijazah hilang,cara urus dokumen yang ilang,lapor kehilangan transkrip nilai,minta ijazah baru karena hilang,dokumen ijazah ga ketemu,syarat urus ijazah yang hilang,buat ulang transkrip karena ilang,prosedur dokumen lulus hilang,surat permohonan ijazah hilang,ijazah asli hilang gimana?,urus berkas wisuda yang hilang,bagaimana cara mengurus dokumen kampus yang hilang,prosedur penggantian ijazah yang hilang,saya kehilangan dokumen akademik yang asli,bagaimana cara mengurus transkrip nilai yang hilang,permohonan penerbitan ulang dokumen yang hilang,mohon penjelasan mengenai dokumen ijazah yang hilang,saya ingin mengajukan permohonan penerbitan ulang dokumen,cara ganri transkrip nilai yang hilang,berkas penting saya hilang,"surat-surat kelulusan saya hilang, bagaimana solusinya","ijazah saya hilang, ngurusnya kemana ya",apa saja langkah untuk mengajukan penerbitan ulang,dokumen hilang harus ngapain min,kalau dokumen hilang apa yang harus dilakukan?,apa saja syarat yang perlu diperhatikan jika dokumen hilang,prosedur penyelesaian masalah dokumen hilang,bagaimana cara mengatasi dokumen hilang?,info terkait dokumen hilang dong min,"aku lagi kena masalah berupa dokumen hilang, bisa bantu?",kendala berupa dokumen yang hilang bisa diselesaikan dengan cara apa,aku kena kejadian dokumen hilang min,bingung gimana solusi buat dokumen yang hilang,apa yang perlu diiurus jika dokumen hilang?,langkah penyelesaian masalah dokumen hilang,"dokumenku hilang, mohon arahan cara penerbitan ulang",prosedur penerbitan ulang dokumen karena hilang,dokumen yang hilang bisa diterbitin ulang ngga min?,"ijazah asli ku hilang, mohon arahan cara urus nya",kalau dokumen hilang bisa diurus online ga sih,aku lagi panik dokumen hilang ini harus gimana ya,pengajuan dokumen hilang biasanya perlu syarat apa aja ya,kalau dokumen hilang ini saya harus bagaimana ya?,prosedur pelaporan kehilangan dokumen,bagaimana cara melaporkan dokumen yang hilang,bagaimana langkah-langkah untuk melaporkan berkas yang hilang,"dokumen pentingku hilang nih, gimana cara gantinya",,,,,,,,,,,,,,,,,,,,,,,,,,,,,,,,,,,,,,,,,,,,,,,,,,,,,,,,,,,,,,,,,,,,,,,,,,,,,,,,,,,,,,,,,,,,,,,,,,,,,,,,,,,,,,,,,,,,,,,,,,,,,,,,,,
52,dokumen rusak,Mengajukan surat permohonan penerbitan ulang ke fakultas/sekolah dengan melampirkan dokumen lama yang asli.,,usr.ugm_dokumen_rusak,"dokumen akademik rusak, harus bagaimana?",mau urus dokumen yang rusak,adakah solusi untuk dokumen yang rusak secara tidak sengaja?,cara ganti dokumen rusak kak,min info urus dokumen rusak dong,bikin permohonan buat dokumen rusak,kak kalau dokumen rusak lapornya kemana?,tolong jelasin alur permohonan cetak ulang kalau dokumen rusak,mau ngajuin penerbitan ulang ke kampus karena dokumen rusak,mau tukar dokumen rusak.,dokumen rusak bisa dicetak ulang nggak sih?,prosedurnya gimana kalau mau nuker dokumen rusak?,ijazah saya rusak,transkrip nilai saya rusak,cara ganti ijazah yang robek,ijazah tidak sengaja hancur,prosedur ganti dokumen rusak,ijazah sudah tidak layak pakai,mau buat ulang transkrip rusak,syarat perbaikan ijazah rusak,dokumen alumni rusak gantinya gimana?,transkrip nilai hancur mau ganti,minta cetak ulang ijazah rusak,dokumen pendidikan rusak parah,mohon informasi lengkap dokumen rusak,berikan informasi penggantian ijazah yang rusak,saya ingin mengurus transkrip nilai yang rusak,permohonan penerbitan ulang berkas yang rusak,penjelasan mengenai tata cara mengajukan permohonan ijazah baru yang rusak,petunjuk pengggantian dokumen akademik yang rusak,"ijazahku rusak robek, gimana ya",cara memperoleh dokumen pengganti karena yang asli rusak,mekanisme dokumen saya yang rusak,apakah dokumen yang rusak saya bisa dicetak ulang,mau ngajuin nerbitin ulang dokumen aku yang rusak,kalau masalah dokumen rusak ngurusnya kemana ya,prosedur penyelesaian masalah dokumen rusak,bagaimana jika dokumen rusak?,apa yang harus dilakukan jika ada dokumen yang rusak?,kalau dokumen rusak harus ngapain,langkah langkah penyelesaian masalah dokumen rusak,apa saja syarat dan keperluan untuk penyelesaian dokumen rusak?,apa aja yang perlu diurus jika dokumen rusak?,info terkait dokumen yang rusak,kendala berupa dokumen yang rusak bisa diselesaikan dengan cara apa?,"aku dapat masalah dokumen rusak, bantu dong",lagi bingung cari solusi terkait dokumen rusak,apa solusi untuk mengatasi masalah dokumen yang rusak?,info penerbitan ulang ijazah karena rusak,pandu aku untuk mengurus penerbitan ulang dokumen karena rusak,kak kalau dokumen rusak ngurusnya kemana ya,detail informasi urus penerbitan ulang dokumen karena rusak,dokumen rusak perlu bukti apa aja buat ganti,dokumen rusak bisa diurus secara online ga ya,aku punya dokumen rusak dan bingung harus ngapain,kalau dokumen rusak biasanya harus ngapain ya? ,saya ingin mengajukan penerbitan mengenai dokumen yang rusak,"dokumen aku sobek nih, cara nggantinya gimana",bagaimana prosedur pengajuan penerbitan dokumen yang rusak,cara ajuin berkas rusak ke fakultas,,,,,,,,,,,,,,,,,,,,,,,,,,,,,,,,,,,,,,,,,,,,,,,,,,,,,,,,,,,,,,,,,,,,,,,,,,,,,,,,,,,,,,,,,,,,,,,,,,,,,,,,,,,,,,,,,,,,,,,,,,,,,,,,,,
53,perubahan data dokumen,Mengajukan surat permohonan penerbitan ulang ke fakultas/sekolah dengan melampirkan dokumen lama yang asli dan dilampiri dokumen pendukung perubahan data.,,usr.ugm_perubahan_data_dokumen,cara urus perubahan data dokumen dong.,mau ngajuin perubahan data dokumen min.,info perubahan data dokumen kak.,gimana alur permohonan cetak ulang kalau ada perubahan data dokumen?,pandu aku buat ngajuin perubahan data dokumen ya.,cek prosedur perubahan data dokumen,mau nanya soal perubahan data dokumen.,tolong jabarin proses pengajuan surat permohonan untuk perubahan data dokumen dong,kalau datanya keliru cara ngajuin terbit ulang buat perubahan data dokumen gimana?,min lapor terkait perubahan data dokumen,nanya alur perubahan data dokumen dong,panduan ngurus perubahan data dokumen dong,cara ganti data di ijazah,mau ubah info di transkrip nilai,gimana cara revisi dokumen kelulusan?,syarat ganti data di ijazah asli,permohonan perubahan data dokumen akademik,salah data di ijazah mau dibenerin,ganti data ijazah ugm gimana?,mau update data di dokumen resmi,perbaikan data dokumen kelulusan,prosedur ganti info di ijazah lama,mau revisi ijazah karena ada yang salah,cara ganti nama di transkrip nilai,prosedur revisi data dokumen akademik,saya ingin merubah kesalahan nama di dokumen akademik,mekanisme perubahan data di berkas akademik,saya ingin mengajukan permohonan terkait perubahan data saya di dokumen akademik,saya ingin mengoreksi identitas saya di dokumen kelulusan saya,solusi benerin data di dokumen akademik,prosedur pembetulan nama di ijazah,rincian langkah untuk melakukan perubahan data di dokumen kampus,berikan cara mengubah data tanggal lahir di dokumen akademik,"tolong revisi ijazah saya, terdapat kesalahan nama",ubah data nama di ijazah bisa ga ya,mau ngurus perubahan data NIK di dokumen akademik,jika ingin melakukan perubahan data dokumen maka harus mengajukan apa?,kasih info terkait perubahan data dokumen min,prosedur pengajuan perubahan data dokumen,apa saja ketentuan untuk melakukan perubahan data dokumen?,aku mau ajuin perubahan data dokumen sih,cariin info terkait cara melakukan perubahan data dokumen,apa yang bisa dilakukan ketika ingin melakukan perubahan data?,apa aja yang perlu diurus untuk perubahan data dokumen?,kalau mau ubah data dokumen gimana sih min,ada dokumen yang perlu perubahan data nih min,aku butuh penjelasan terkait pengajuan perubahan data dokumen,jelasin sekilas dong terkait pengajuan perubahan data dokumen,min info cara ajuin penerbitan ulang dokumen karena perubahan data,"ada perubahan di data ku nih, boleh mengajukan penerbitan ulang ga ya?",kalau mau melakukan perubahan data dokumen prosedurnya gimana,bantu proses pengajuan permohonan penerbitan ulang dokumen karena perubahan data dong min,aku lagi butuh banget info perubahan data dokumen dong,perubahan data dokumen itu butuh bukti pendukung ga ya,kalau ada kesalahan di dokumen dan mau ngubah data harus ngapain ya kira-kira?,aku bingung proses perubahan data dokumen ini caranya kayak gimana ya min? ,prosedur pembaruan informasi perubahan data di dokumen lama,alur permohonan perubahan dokumen karena koreksi informasi,cara mengajukan revisi data dokumen di ugm,panduan perubahan data identitas di dokumen,,,,,,,,,,,,,,,,,,,,,,,,,,,,,,,,,,,,,,,,,,,,,,,,,,,,,,,,,,,,,,,,,,,,,,,,,,,,,,,,,,,,,,,,,,,,,,,,,,,,,,,,,,,,,,,,,,,,,,,,,,,,,,,,,,
54,ijazah tidak ada di pisn,"Verifikasi Ijazah dan Sertifikat Profesi Nasional di https://pisn.kemdiktisaintek.go.id/  untuk mahasiswa mulai angkatan 2003, untuk mahasiswa dibawah angktan tahun itu dapat mengajukan surat keterangan ke Fakultas, atau sebelumnya dapat mencari data di PDDikti dapat menggunakan Nama atau dengan NIM tanpa garis miring (/), pilih tombol Pencarian Spesifik untuk data yang lebih update di PDDikti.",,usr.ugm_ijazah_tidak_ada_di_pisn,lapor ijazah tidak ada di pisn min,cek solusi ijazah tidak ada di pisn kak,min kenapa ijazah tidak ada di pisn ya?,tolong bantu urus ijazah tidak ada di pisn dong,minta panduan kalau ijazah tidak ada di pisn,mau nanya soal angkatan lama yang ijazah tidak ada di pisn,"ternyata ijazah tidak ada di pisn, minta arahannya dong",mau urus masalah ijazah tidak ada di pisn,min pusing nih pas verifikasi malah ijazah tidak ada di pisn,kak gimana cara verifikasi kalau ijazah tidak ada di pisn?,perbaikan ijazah tidak ada di pisn,langkah ngurusnya gimana kak kalau ijazah tidak ada di pisn?,ijazah saya ga terdaftar di pisn,tolong dong ijazah saya kok ga nemu di pisn,nomor ijazah ga ketemu di pisn,pisn bilang ijazah saya ga ada,mau cek ijazah di pisn ugm,verifikasi sertifikat profesi di pisn,kenapa ijazah angkatan 2003 ga ada di pisn?,gagal cek ijazah di web pisn,info ijazah tidak ditemukan di pisn,cara cari data ijazah di pisn kemdikbud,bantuan masalah pisn ijazah,status ijazah di pisn ga muncul,habis ngecek pisn tapi ijazahku nggak ada,alasan ijazah saya tidak ada di pisn,ijazah saya tidak terdaftar di pisn,"ijazah saya kok tidak muncul ya di pisn, mohon bantuannya",verifikasi ijazah saya tidak ditemukan di pisn,"kak, ijazahku kok gak ada ya di pisn",solusi ijazah saya tidak ada di pisn,"data di pisn saya kok kosong ya, tidak ada ijazah",gimana prosedur pelaporan ijazah yang tidak ada di pisn,alur untuk masalah ijazah yang kosong di pisn,langkah-langkah ijazah yang belum terdaftar di pisn,ijazah saya tidak ditemukan di pisn,bagaimana jika ijazah tidak ada di pisn?,"data ijazah hilang di pisn, aku harus ngapain min",kasih solusi dong untuk ijazah yang tidak ada di pisn,apa yang harus dilakukan saat ijazah tidak ada di pisn,setelah melakukan verifikasi ijazah di pisn dan data ijazah tidak ditemukan maka apa langkah yang harus diambil?,kalau data ijazah tidak ada di pisn gimana dong min,info terkait kendala ijazah yang tidak ada di pisn,berikan penjelasan terkait masalah ijazah yang tidak ada di pisn,"mau tanya, angkatan berapa aja yang ijazahnya tidak ada di pisn",gimana kalau ijazah tidak ada di pisn?,"waduh, ijazah ga ada di pisn nih, gimana dong min",kalau ijazah tidak ada di pisn bisa cek di pddikti dulu kah,"ijazah ku tidak ada di pisn, mohon arahannya",di pisn ko gada ijazah saya ya?,jika ijazah saya tidak ada di pisn apa yg harus dilakukan?,"loh gimana ini min, di pisn ko tidak ada ijazah saya?",kak ini ijazah saya tidak ada di pisn harus gimana?,min bantu dong ijazah aku tidak ada di pisn,ijazah tidak ada di pisn itu masalah data ya,aku bingung ijazah tidak ada di pisn ini solusinya apa,informasi ijazah saya tidak tercantum di pisn,mekanisme pelaporan data ijazay yang tidak ada di pisn,bagaimana cara mengatasi data ijazah yang tidak ditemukan di pisn,tata cara sinkronisasi data ijazah yang tidak ada,,,,,,,,,,,,,,,,,,,,,,,,,,,,,,,,,,,,,,,,,,,,,,,,,,,,,,,,,,,,,,,,,,,,,,,,,,,,,,,,,,,,,,,,,,,,,,,,,,,,,,,,,,,,,,,,,,,,,,,,,,,,,,,,,,
55,cek data pddikti,"Semester Aktif di PDDIKTI sesuai data SIMASTER, jika ada perbedaan silahkan menghubungi admin Program Studi, jika masih dalam semester berjalan maka prosesnya maksimal 1 minggu,  jika semester lampau prosesnya +- 2 bulan",Ada perbedaan data semester aktif di pddikti,usr.ugm_cek_data_pddikti,mau cek data semester di pddikti,mau lapor hasil cek data pddikti min,min ada beda nih pas cek data semester di pddikti,semester aktifnya beda waktu cek data pddikti kak,min tolong info alurnya kalau pas cek data semester di pddikti ada yang ngga sinkron,aku habis cek data pddikti dan isiannya beda sama simaster nih kak,mau benerin status semester aktif nih soalnya ngga sesuai pas cek data pddikti,min aku nemu perbedaan sama simaster nih waktu cek data pddikti,nanya seputar cek semester aktif data pddikti ya min,"gimana nih pas cek data, semester di pddikti ku tidak sesuai simaster",min kalau semester lampau keliru pas cek data pddikti perbaikannya gimana,"habis cek data pddikti ternyata beda nih, prosedur lapornya kemana ya kak",cara cek semester aktif di pddikti,semester di dikti beda sama simaster,kenapa riwayat semester di dikti ga update?,tolong bantu data semester pddikti saya berbeda,status semester berjalan di dikti salah,data semester pddikti saya salah bagaimana nih?,kenapa data mahasiswa saya di pddikti berbeda?,lapor perbedaan data semester pddikti,coba jelasin ke saya soal cek data semester di pddikti,data semester lampau di pddikti ga sesuai,update riwayat semester di pddikti,gimana cara saya ngebenerin data semester pddikti yang beda,ada perbedaan status semester di pddikti dan simaster,cara lapor perbedaan data semester gimana ya,bantuan untuk membetulkan data semester yang tidak sesuai,bagaimana cara memperbarui data semester yang tidak sesuai,mekanisme untuk pelaporan status semester yang berbeda,saya cek semester di pddikti kok beda ya kak,status semester di pddikti berbeda dengan aslinya,kemana saya bisa melaporkan perbedaan status semester di pddikti,seteleh mengecek semester di pddikti terdapat ketidaksesuaian,cara benerin data semester yang ga sesuai,langkah-langkah status semester saya yang tidak sesuai,solusi status semester yang tidak sesuai di pddikti,kok semester aktif di pddikti ga sesuai ya,kalau ada perbedaan data semester di pddikti gimana ya,berapa lama proses perbaikan data semester aktif di pddikti?,"aku mau benerin data semester di pddikti, caranya gimana?",data semester aktif di pddikti kok nggak sesuai yah?,info terkait cek data semester di pddikti dong,bantu jelasin terkait cek data semester di pddikti,kalau data semester aktif di pddikti nggak sesuai gimana,"habis ngecek pddikti, kok data semester aktifnya salah",kalau saat cek data di pddikti ada data semester aktif yang beda itu kenapa ya,"data semester aktif di pddikti itu sesuai data apa ya, kok pas cek tadi tidak sesuai",penjelasan sekilas terkait cek data semester aktif di pddikti,semester aktif di pddikti ku kok salah ya,ini kenapa smester aktif di pddikti ku ga sesuai pas di cek,mohon arahan terkait hasil cek semester aktif pddikti yang tidak sesuai,kok bisa ada perbedaan semester aktif di pddikti min?,aku habis cek data pddikti mahasiswa dan ada yang beda,cek data pddikti mahasiswa kok ada perbedaan? ,tolong dong aku cek data pddikti  ada yang ga sesuai,min jelasin dong cara benerin data pddikti yang ga berbeda,status semester saya di pddikti berbeda dengan simaster,cara pelaporan status semester yang berbeda di ugm,bagaimana solusi untuk perbedaan status semester di yang berbeda di pddikti,langkah-langkah untuk menyesuaikan status semester di pddikti dan simaster,,,,,,,,,,,,,,,,,,,,,,,,,,,,,,,,,,,,,,,,,,,,,,,,,,,,,,,,,,,,,,,,,,,,,,,,,,,,,,,,,,,,,,,,,,,,,,,,,,,,,,,,,,,,,,,,,,,,,,,,,,,,,,,,,,
56,informasi pra krs,"Panduan pengisian Pra KRS dapat diakses pada tautan berikut:
https://merdekabelajar.ugm.ac.id/panduan-pra-krs/ 

(Bubble 2)
Usulan penambahan kegiatan Pra KRS dapat diakses pada tautan berikut:
http://ugm.id/UsulanKegiatanPraKRS ",,usr.ugm_informasi_pra_krs,adakah informasi terkait pra krs?,minta informasi pra krs min,cek informasi pra krs dong kak,min mau nanya seputar informasi pra krs ya,kak bagi link panduan buat informasi pra krs dong,tolong kasih liat detail informasi pra krs,mau tau cara ngusulin kegiatan di informasi pra krs min,"aku bingung cara ngisinya nih kak, tolong kasih panduan informasi pra krs","aku mau baca panduan resminya min, minta tautan terkait informasi pra krs ya",lagi cari informasi pra krs ugm nih,pengen akses informasi pra krs min,kak aku butuh rujukan lengkap seputar informasi pra krs semester ini,cara isi pra krs gimana?,panduan pengisian pra krs ugm,mau tanya soal pra krs,gimana cara nambah kegiatan pra krs?,info pengisian pra krs terbaru,link usulan kegiatan pra krs,tutorial pra krs merdeka belajar,apa itu pra krs dan cara isinya?,bantuan masalah pra krs,alur pengisian pra krs mahasiswa,mau input kegiatan di pra krs,cara akses panduan pra krs,mohon informasi lengkap tentang pra krs,berikan info apa saja tentang pra krs,bagaimana mekanisme pengisian pra krs,tolong berikan info tentang pra krs,minta link panduan pra krs kak,cara isi pra krs gimana ya kak,cara daftar pra krs semester ini gimana kak,"saya mau nambah kegiatan pra krs, berikan informasinya",bagaimana tutorial lengkap tentang info pra krs,boleh bantu gimana cara ngisi pra krs kah,prosedur pengisian pra krs lengkap,penjelasan lengkap tentang pengisian pra krs dan nambah kegiatannya,"aku mau isi pra krs, caranya gimana ya",jika ingin mengajukan usulan penambahan kegiatan pra krs gimana?,mimin punya info terkait pra krs apa aja?,urusan pra krs infonya bisa minta tolong cariin?,tolong kasih info pra krs terkini ya,spill link panduan pengisian pra krs min,bantu cariin info tentang pra krs ya kak,kasih info lengkap terkait pra krs dong,mau ajuin usulan terkait kegiatan pra krs,untuk panduan pengisian pra krs bisa diakses dimana ya,info terkait pra krs dong min,mau lihat panduan pra krs dimana ya,aku lagi cari informasi pra krs nih ada panduannya ga,min informasi pra krs itu bisa diakses dimana ya,kak pra krs itu maksudnya apa sih sebenarnya,aku butuh info lengkap tentang informasi pra krs dong,informasi pra krs biasanya diumumin dimana ya,min jelasin dong alur informasi pra krs biar paham,aku masih bingung informasi pra krs itu harus ngapain aja,kak kalau mau isi pra krs harus lihat informasi pra krs dulu ya,informasi pra krs itu penting ga sih buat mahasiswa,aku pengen tau detail informasi pra krs dong,informasi pra krs bisa diakses lewat simaster ga,min bantu jelasin informasi pra krs dong plis,,,,,,,,,,,,,,,,,,,,,,,,,,,,,,,,,,,,,,,,,,,,,,,,,,,,,,,,,,,,,,,,,,,,,,,,,,,,,,,,,,,,,,,,,,,,,,,,,,,,,,,,,,,,,,,,,,,,,,,,,,,,,,,,,,